-- ============================================================
-- Sistema Consultório Médico - Dump Completo
-- Gerado automaticamente
-- ============================================================

SET NAMES utf8mb4;
SET FOREIGN_KEY_CHECKS = 0;

-- ============================================================
-- Database
-- ============================================================
DROP DATABASE IF EXISTS `consultoriomedico`;
CREATE DATABASE `consultoriomedico` CHARACTER SET utf8mb4 COLLATE utf8mb4_unicode_ci;
USE `consultoriomedico`;

-- ============================================================
-- Estrutura da tabela: tabelaclinica
-- ============================================================
DROP TABLE IF EXISTS `tabelaclinica`;
CREATE TABLE `tabelaclinica` (
  `CodCli` char(6) NOT NULL,
  `NomeCli` varchar(100) NOT NULL,
  `Endereco` varchar(255) DEFAULT NULL,
  `Telefone` varchar(15) DEFAULT NULL,
  `Email` varchar(100) DEFAULT NULL,
  PRIMARY KEY (`CodCli`)
) ENGINE=InnoDB DEFAULT CHARSET=utf8mb4 COLLATE=utf8mb4_0900_ai_ci;

-- Dados da tabela: tabelaclinica
INSERT INTO `tabelaclinica` (`CodCli`, `NomeCli`, `Endereco`, `Telefone`, `Email`) VALUES
('628169', 'Clínica MedCare', 'Distrito Campos, 7, Nazare, 41853540 Nascimento das Pedras / RR', '(084) 5950 6914', 'xpires@da.com'),
('648111', 'Policlínica Central', 'Praça de da Conceição, 8, Granja Werneck, 51238015 Cunha / TO', '41 9385 2156', 'caldeiraclarice@ribeiro.com'),
('674002', 'Clínica Vida Nova', 'Vila Joana Caldeira, 68, Ribeiro De Abreu, 60109-484 Almeida de Viana / SP', '(011) 1919-6466', 'wda-conceicao@novaes.org'),
('694494', 'Centro Médico Excellence', 'Jardim Emanuel Nogueira, 5, Engenho Nogueira, 36579095 Cardoso da Prata / SC', '81 0091-9145', 'peixotomanuela@viana.com'),
('711793', 'Hospital Coração de Jesus', 'Condomínio da Cruz, 60, Bacurau, 82901941 Teixeira de Pires / AP', '81 5552-4506', 'fernandesesther@da.br'),
('941941', 'Hospital Regional', 'Estação de da Costa, 4, Nossa Senhora De Fátima, 29975094 Costa das Pedras / TO', '0800-105-1598', 'arthur94@oliveira.com');

-- ============================================================
-- Estrutura da tabela: tabelamedico
-- ============================================================
DROP TABLE IF EXISTS `tabelamedico`;
CREATE TABLE `tabelamedico` (
  `CodMed` char(7) NOT NULL,
  `NomeMed` varchar(100) NOT NULL,
  `Genero` char(1) DEFAULT NULL,
  `Telefone` varchar(15) DEFAULT NULL,
  `Email` varchar(100) DEFAULT NULL,
  `Especialidade` varchar(50) DEFAULT NULL,
  PRIMARY KEY (`CodMed`),
  CONSTRAINT `tabelamedico_chk_1` CHECK ((`Genero` in (_utf8mb4'F',_utf8mb4'M')))
) ENGINE=InnoDB DEFAULT CHARSET=utf8mb4 COLLATE=utf8mb4_0900_ai_ci;

-- Dados da tabela: tabelamedico
INSERT INTO `tabelamedico` (`CodMed`, `NomeMed`, `Genero`, `Telefone`, `Email`, `Especialidade`) VALUES
('0081716', 'Enrico Vieira', 'F', '(061) 8728 1909', 'dda-paz@example.com', 'Dermatologia'),
('0282521', 'Carlos Eduardo Santos', 'F', '21 4713 9016', 'carvalhosabrina@example.net', 'Cardiologia'),
('0586020', 'Vitória da Mata', 'M', '0800-241-6167', 'ymoura@example.net', 'Oftalmologia'),
('0693849', 'Dr. Vitor Gomes', 'F', '0500 766 6673', 'ymoreira@example.net', 'Ginecologia'),
('0712998', 'Otávio Novaes', 'F', '11 8603-7879', 'gabrielly16@example.org', 'Psiquiatria'),
('1067590', 'Srta. Nicole Sales', 'M', '11 0531-8767', 'freitasvitor-hugo@example.com', 'Oncologia'),
('1326599', 'Luiz Otávio Porto', 'F', '31 5743-2973', 'maite14@example.org', 'Pediatria'),
('1403453', 'Isis Azevedo', 'M', '(011) 4180-1514', 'pirescarolina@example.com', 'Oncologia'),
('1706433', 'Ana Sophia Nascimento', 'M', '(084) 0715 5610', 'costaian@example.org', 'Urologia'),
('1775107', 'Gustavo Henrique Castro', 'M', '61 8259-6303', 'maria-eduardada-costa@example.org', 'Neurologia'),
('2023204', 'Dra. Rafaela Viana', 'M', '81 8312 8999', 'helena87@example.org', 'Oftalmologia'),
('2734205', 'Dr. Pedro Miguel Rezende', 'M', '31 9078 2766', 'lopesraquel@example.org', 'Oftalmologia'),
('3094587', 'Srta. Eduarda Ramos', 'M', '81 2243 2388', 'diogoda-costa@example.com', 'Oncologia'),
('3420663', 'Maria Moraes', 'M', '61 0409 8839', 'enzoduarte@example.org', 'Ortopedia'),
('3591687', 'Davi Luiz Melo', 'M', '(084) 7604 9074', 'lara48@example.com', 'Gastroenterologia'),
('4233758', 'Nicolas Rodrigues', 'M', '71 5087-3727', 'qcastro@example.net', 'Ginecologia'),
('4486518', 'Enrico Nunes', 'F', '84 9986-9209', 'caioporto@example.org', 'Ortopedia'),
('4836966', 'Alexia Nogueira', 'F', '(061) 8285 6552', 'dcastro@example.org', 'Oftalmologia'),
('5313861', 'Sarah Porto', 'F', '(084) 5513 8941', 'martinsdavi-lucca@example.com', 'Oftalmologia'),
('5320595', 'Laís Nunes', 'F', '0500-083-2836', 'ana-juliada-mota@example.org', 'Cardiologia'),
('5517290', 'Dra. Helena Rodrigues', 'F', '(061) 9910-1586', 'clarice87@example.net', 'Pediatria'),
('5730295', 'Enzo Gabriel Teixeira', 'M', '(081) 6803 7739', 'fariasemanuel@example.com', 'Dermatologia'),
('5867512', 'Marina Rezende', 'M', '84 6633 8789', 'vieiraleandro@example.com', 'Ortopedia'),
('5881934', 'Gabrielly Campos', 'F', '(021) 0114 4310', 'marcos-viniciussantos@example.org', 'Oftalmologia'),
('5925009', 'Vicente Ribeiro', 'F', '71 0609-4468', 'beatrizmoraes@example.net', 'Urologia'),
('6124651', 'Ana Clara Freitas', 'M', '11 9050 4118', 'cardosohelena@example.org', 'Cardiologia'),
('6172922', 'Maria Julia Monteiro', 'F', '81 1632-9772', 'hnovaes@example.org', 'Psiquiatria'),
('6462136', 'Maria Luiza Monteiro', 'M', '61 7773 6359', 'vianaeloah@example.org', 'Oncologia'),
('6643896', 'Kamilly Campos', 'F', '31 0273-5228', 'yfogaca@example.net', 'Cardiologia'),
('6699586', 'Ana Monteiro', 'F', '61 8502-6655', 'bmoraes@example.org', 'Urologia'),
('6773556', 'Lavínia Jesus', 'M', '11 3968 1634', 'kaiquevieira@example.org', 'Oftalmologia'),
('7133338', 'Maria Lopes', 'F', '(041) 3061-6812', 'avieira@example.org', 'Neurologia'),
('7312370', 'Dr. Davi Martins', 'F', '21 9890 6445', 'joana29@example.com', 'Oncologia'),
('7350621', 'Letícia Martins', 'F', '71 3019-4898', 'umelo@example.com', 'Psiquiatria'),
('7518784', 'Erick Cardoso', 'F', '0900-304-7952', 'samueldias@example.org', 'Neurologia'),
('7834333', 'João Guilherme Ramos', 'M', '41 0307-6520', 'ana-vitoriacostela@example.com', 'Oftalmologia'),
('7911902', 'João Vitor Barros', 'F', '(071) 9845 7780', 'danilo98@example.org', 'Ginecologia'),
('8392903', 'Sra. Amanda Martins', 'F', '(031) 9132-1854', 'almeidafrancisco@example.net', 'Neurologia'),
('8457014', 'Dr. Luiz Gustavo Gomes', 'M', '51 6978 8646', 'ugoncalves@example.net', 'Pediatria'),
('8479583', 'Nathan da Costa', 'M', '(021) 5197 4189', 'ibarros@example.net', 'Oftalmologia'),
('8481292', 'Sra. Maitê Novaes', 'F', '84 2365 1044', 'da-cunhabianca@example.org', 'Endocrinologia'),
('9002877', 'Ian Duarte', 'M', '0900 027 5968', 'danilo55@example.com', 'Dermatologia'),
('9296527', 'Igor Gomes', 'M', '11 6025 5912', 'aragaoandre@example.com', 'Ginecologia'),
('9542355', 'Cauã Barros', 'M', '(071) 8541-6133', 'xmoura@example.com', 'Pediatria'),
('9896057', 'Sra. Lavínia Rezende', 'M', '(071) 6320-6211', 'franciscocardoso@example.org', 'Dermatologia');

-- ============================================================
-- Estrutura da tabela: tabelapaciente
-- ============================================================
DROP TABLE IF EXISTS `tabelapaciente`;
CREATE TABLE `tabelapaciente` (
  `CpfPaciente` char(11) NOT NULL,
  `NomePac` varchar(100) NOT NULL,
  `DataNascimento` date DEFAULT NULL,
  `Genero` char(1) DEFAULT NULL,
  `Telefone` varchar(15) DEFAULT NULL,
  `Email` varchar(100) DEFAULT NULL,
  PRIMARY KEY (`CpfPaciente`),
  CONSTRAINT `tabelapaciente_chk_1` CHECK ((`Genero` in (_utf8mb4'F',_utf8mb4'M')))
) ENGINE=InnoDB DEFAULT CHARSET=utf8mb4 COLLATE=utf8mb4_0900_ai_ci;

-- Dados da tabela: tabelapaciente
INSERT INTO `tabelapaciente` (`CpfPaciente`, `NomePac`, `DataNascimento`, `Genero`, `Telefone`, `Email`) VALUES
('00957163174', 'Marcos Vinicius Costa', '1966-02-05', 'F', '(061) 1265-7186', 'correiaana-carolina@example.com'),
('01703334674', 'Marcelo Rezende', '1969-05-04', 'F', '84 0875 2943', 'hnogueira@example.net'),
('02703405946', 'Esther Gomes', '2014-12-03', 'M', '0300-189-0373', 'pereirajoana@example.com'),
('03019228404', 'Erick da Costa', '1973-08-14', 'M', '(031) 4142 6779', 'barbosanathan@example.com'),
('03387544947', 'Paulo das Neves', '1986-06-29', 'M', '(081) 9093-8273', 'lais65@example.com'),
('04223205634', 'Dr. Bryan Moreira', '2010-10-09', 'M', '(021) 3069-7324', 'wbarros@example.net'),
('05254277234', 'Carlos Eduardo Duarte', '2008-07-23', 'M', '31 9109 3660', 'da-mataheloisa@example.net'),
('05899854051', 'Sophie Ramos', '2003-03-02', 'M', '61 9608-9928', 'julia09@example.net'),
('07957964463', 'Sra. Isabel Ribeiro', '1947-05-26', 'F', '0800-996-6826', 'lucaslopes@example.net'),
('08048357922', 'Dr. Vitor Freitas', '1944-07-26', 'F', '0500 816 9265', 'nascimentoluiz-miguel@example.com'),
('08070927290', 'Vitória Costela', '2003-05-06', 'F', '(081) 2923 6379', 'raulviana@example.net'),
('09042552631', 'Sr. André Cunha', '1938-12-15', 'M', '(051) 0831 7612', 'ana-vitoria71@example.net'),
('09533959537', 'Sr. Benjamin Pereira', '1970-10-20', 'M', '0500 688 1840', 'da-rosadavi@example.com'),
('10221753593', 'Dra. Helena Porto', '1963-01-14', 'F', '71 4150-9252', 'rpires@example.com'),
('11596588025', 'Enzo Gabriel Castro', '2006-08-13', 'F', '(084) 8402-3394', 'fogacajoao-miguel@example.org'),
('13519350053', 'Alana da Conceição', '1970-06-10', 'F', '0900-949-0420', 'qmoraes@example.net'),
('14181130893', 'Valentina Cardoso', '2000-11-17', 'M', '(071) 9804 6035', 'joao-guilherme51@example.org'),
('16800209681', 'Fernando Fernandes', '2002-10-12', 'M', '(041) 9476-2302', 'mendesbernardo@example.org'),
('16831994567', 'André Fernandes', '1953-06-19', 'F', '(021) 1704 6862', 'tduarte@example.org'),
('18074689310', 'Helena Cunha', '1947-06-14', 'F', '0900 800 4498', 'aliciaduarte@example.net'),
('18743147347', 'Sabrina Moura', '2009-08-27', 'M', '0300-790-9724', 'mendesjulia@example.org'),
('18934612571', 'Esther Aragão', '1959-09-02', 'M', '41 3213-1216', 'da-cunhathomas@example.net'),
('19393661492', 'Alícia Fernandes', '1940-08-30', 'F', '(031) 6049 3782', 'bryan81@example.com'),
('20056426753', 'Raquel Campos', '1995-08-18', 'M', '(031) 8188 7029', 'nascimentoluiz-henrique@example.com'),
('20383397597', 'Mariana Silveira', '2010-12-15', 'M', '51 4266 5358', 'mendessarah@example.net'),
('20925270328', 'Lavínia Santos', '1951-02-28', 'M', '(051) 8499-6581', 'davi-luiz17@example.com'),
('22185362309', 'Eloah Lima', '1962-02-21', 'M', '0300 580 6343', 'enrico83@example.net'),
('23129380483', 'Benjamin Gomes', '1959-06-09', 'F', '11 1314 2710', 'brunocarvalho@example.net'),
('23213087385', 'Lucas Gabriel Alves', '1954-09-13', 'F', '(084) 3735 0566', 'gabriela91@example.com'),
('23274047865', 'Mariana da Cunha', '2009-05-23', 'F', '(061) 9452-5556', 'maria-eduarda68@example.com'),
('24153421698', 'Daniela Rezende', '1967-02-03', 'F', '(011) 7441 7731', 'laurapereira@example.org'),
('24925729811', 'Sr. Pedro Henrique Melo', '1996-01-12', 'M', '81 0155-9731', 'caio51@example.com'),
('26026961537', 'Dr. Vinicius Moreira', '1957-05-29', 'F', '(084) 8360-9220', 'barrosnina@example.com'),
('26077833708', 'Stephany Freitas', '1931-03-30', 'F', '51 0238 7115', 'blima@example.com'),
('26591263582', 'Dr. Fernando Monteiro', '1944-05-31', 'M', '84 5966 6284', 'gpires@example.com'),
('27378856657', 'Pedro Miguel Dias', '1982-07-24', 'M', '0500-714-0598', 'francisco70@example.net'),
('28130246791', 'Dr. Vitor Peixoto', '2011-04-28', 'M', '51 7653 6868', 'cunhalarissa@example.net'),
('29256613788', 'Dra. Maria Cecília Azevedo', '2022-09-11', 'M', '(061) 1239 3252', 'vitor-hugosilva@example.com'),
('30685971258', 'Vitor Gabriel Lima', '1937-04-28', 'F', '31 5314-0699', 'omonteiro@example.org'),
('34312381360', 'Natália Souza', '1934-02-06', 'M', '(021) 6423 3833', 'almeidatheo@example.net'),
('34536393613', 'Isabella Campos', '1980-02-28', 'F', '41 0613-0055', 'ana-vitoriamartins@example.net'),
('35051208835', 'Luiz Gustavo Gomes', '1969-12-29', 'M', '31 3587 0874', 'erickfernandes@example.org'),
('35086150206', 'Luiz Miguel Campos', '1986-09-08', 'F', '61 4814 5429', 'nascimentomelissa@example.org'),
('35219780319', 'Isaac Caldeira', '1997-08-12', 'F', '(084) 8457-2402', 'salestheo@example.com'),
('35362567649', 'Maria Eduarda Melo', '1988-12-03', 'F', '71 7244 2423', 'yagogoncalves@example.net'),
('36167349082', 'Dr. Augusto da Cruz', '2004-09-20', 'M', '31 2934 4929', 'evelyn61@example.com'),
('36212056504', 'Dr. Vicente Costela', '2017-07-28', 'F', '21 2213 2718', 'goncalvesdaniela@example.net'),
('36377363923', 'Dr. Pedro Henrique Rodrigues', '2019-10-29', 'M', '31 6599-5403', 'carvalhogabrielly@example.org'),
('44262874404', 'Sra. Maria Vitória Viana', '2004-08-04', 'M', '31 1521 6637', 'tdias@example.org'),
('46837029187', 'Sarah Costa', '1991-03-06', 'F', '0500 786 6384', 'cecilia70@example.net'),
('47696440944', 'João Felipe Oliveira', '2016-04-28', 'F', '(051) 5523 1969', 'rvieira@example.net'),
('48071562494', 'Luiz Fernando da Cruz', '1993-12-29', 'F', '0500 491 7399', 'igor45@example.com'),
('49757062463', 'Eloah Monteiro', '2005-05-29', 'F', '(084) 7438 6378', 'gabrielly52@example.com'),
('51331724901', 'Arthur Almeida', '1930-04-26', 'M', '84 3485 1449', 'vicente93@example.org'),
('51359173728', 'Maitê Sales', '1935-09-19', 'M', '(081) 5887 3336', 'marina97@example.com'),
('52630728709', 'Maria Araújo', '2020-03-08', 'M', '(021) 3261-8509', 'theo96@example.com'),
('53032820498', 'Samuel das Neves', '2011-02-21', 'F', '31 4756 2139', 'diasluiz-otavio@example.org'),
('53636438502', 'Ana Beatriz Pinto', '2014-04-01', 'M', '0900 000 0314', 'bruno78@example.com'),
('54148276217', 'Nina Jesus', '1962-07-07', 'F', '0800-825-2737', 'mirellamonteiro@example.com'),
('55102238019', 'Murilo Ribeiro', '1930-09-25', 'F', '84 9061 3676', 'augusto33@example.net'),
('56167863930', 'Dr. Pedro Lucas Carvalho', '2001-08-27', 'M', '21 2204-8003', 'maria-luiza44@example.net'),
('57409515983', 'Felipe Ferreira', '2007-12-18', 'F', '0300-991-3665', 'joao-guilherme58@example.net'),
('57728954786', 'Yasmin Ramos', '2012-06-29', 'M', '84 3063 4682', 'luiz-felipecostela@example.org'),
('58721520017', 'Juliana Fernandes', '2009-05-15', 'F', '41 8723 7094', 'rafaelamoura@example.com'),
('59451955460', 'Isaac Lopes', '1942-09-28', 'M', '31 1497 1558', 'ferreirakevin@example.net'),
('60222569349', 'Srta. Isabel Barbosa', '1961-05-28', 'M', '(084) 7938 5567', 'aporto@example.org'),
('61861198480', 'Isabelly Cardoso', '1998-11-07', 'F', '84 0953-6513', 'lopesrafael@example.org'),
('62349607795', 'João Felipe Pereira', '2003-08-14', 'M', '(071) 7701-5567', 'pintomaria-alice@example.com'),
('62631200749', 'Kamilly Porto', '1988-08-07', 'M', '61 6273-3759', 'alana29@example.net'),
('64303785644', 'Guilherme Moura', '1956-04-08', 'F', '(071) 3951-9589', 'erick65@example.org'),
('65206213049', 'Yago Costa', '1936-11-04', 'F', '(031) 1662 4152', 'caueazevedo@example.com'),
('65305041128', 'Brenda da Mota', '1956-11-14', 'F', '(084) 3541 5521', 'jrocha@example.com'),
('65524518117', 'Augusto Araújo', '1969-04-21', 'M', '(041) 9315-0082', 'maria-julia31@example.com'),
('65531288128', 'Srta. Bianca da Mota', '1982-04-11', 'M', '(041) 4999 9299', 'alvesagatha@example.com'),
('65597507059', 'Fernanda Rocha', '2024-08-10', 'F', '(011) 7806-0059', 'isadoracardoso@example.org'),
('65924021721', 'Milena Pereira', '1951-07-31', 'F', '21 1276-4991', 'castroalana@example.net'),
('66161483274', 'Sophie Farias', '1948-02-06', 'F', '(011) 4694-6953', 'ovieira@example.org'),
('67363844802', 'Sra. Alexia Ribeiro', '1965-11-13', 'F', '(021) 2358 3784', 'fariasmirella@example.com'),
('67497716603', 'Srta. Natália Nascimento', '2021-10-14', 'F', '0900 537 6443', 'evelyn49@example.com'),
('67514502927', 'Srta. Agatha da Rocha', '1953-06-21', 'F', '84 2639 7489', 'maria-eduardaaragao@example.org'),
('67804051224', 'Maysa Costela', '1941-08-06', 'M', '(051) 8231 3117', 'davi-lucasda-mota@example.org'),
('68172823346', 'Enzo Gabriel Monteiro', '2011-09-19', 'F', '51 8675 6691', 'beatriz21@example.net'),
('69767129853', 'Laura Gonçalves', '1989-02-16', 'F', '0300 814 9582', 'da-costaamanda@example.org'),
('70633393376', 'Daniela das Neves', '1964-04-21', 'M', '(084) 6603-6776', 'barrosthiago@example.net'),
('72435056551', 'Camila da Cruz', '1985-09-11', 'F', '(061) 2595 0442', 'ocunha@example.com'),
('73248592624', 'Catarina Moraes', '2009-12-09', 'F', '0500-274-1331', 'gustavolopes@example.com'),
('73445815556', 'Eduarda Nascimento', '2018-11-06', 'M', '0300 000 4908', 'isabellapinto@example.com'),
('74086549180', 'Sophie Novaes', '1967-01-30', 'F', '21 2461-9890', 'emoreira@example.net'),
('74116004134', 'Ana Luiza Costela', '2020-05-15', 'F', '(084) 3534-0102', 'henrique69@example.com'),
('76802879662', 'Rafael Rezende', '2008-05-30', 'F', '84 9191-6183', 'ana-vitoriafreitas@example.org'),
('77522338336', 'Sofia Ramos', '1944-08-31', 'F', '0800 699 7889', 'murilofernandes@example.com'),
('78574200867', 'Raquel Viana', '1986-01-14', 'F', '(081) 6531 2721', 'nunesbenjamin@example.com'),
('78646683438', 'Maria Cecília Barbosa', '1932-07-23', 'M', '0800 233 7225', 'anthony28@example.com'),
('80307502297', 'Sr. João Miguel Aragão', '1938-03-21', 'F', '31 8413-3436', 'silvathales@example.com'),
('80936430448', 'Kamilly Aragão', '2014-08-28', 'F', '(084) 4181 6721', 'maria-fernanda53@example.org'),
('84595406724', 'Carlos Eduardo Gomes', '2009-09-11', 'M', '(071) 5990 9576', 'fogacanathan@example.com'),
('85427966783', 'Sra. Emilly da Luz', '1953-04-28', 'M', '11 3166 1177', 'moraeslarissa@example.com'),
('87678744573', 'Maria Luiza Mendes', '1936-04-18', 'F', '(021) 6179 2561', 'azevedonina@example.net'),
('87968504119', 'Bruna Silva', '1931-06-20', 'F', '0800-768-2143', 'ugomes@example.com'),
('88195992808', 'João Gabriel Dias', '1977-11-26', 'F', '(031) 0524-4479', 'clarice48@example.org'),
('89112157441', 'Dr. Otávio da Conceição', '1992-04-25', 'M', '51 8181 0338', 'ana-vitoria12@example.org'),
('89629048050', 'Pietro Freitas', '1944-08-06', 'F', '81 0609-5816', 'giovanna46@example.com'),
('89967037265', 'Enrico da Rosa', '1930-04-22', 'M', '71 0584-7298', 'pereiralarissa@example.com'),
('90298738561', 'Davi Luiz Costa', '1975-05-13', 'M', '21 4659-4453', 'carlos-eduardoramos@example.com'),
('93660946847', 'Eduardo Silva', '2012-02-27', 'F', '71 6446-2988', 'hmelo@example.net'),
('94956608632', 'Francisco Pinto', '2003-10-03', 'F', '0800 933 7973', 'pietrada-rosa@example.org'),
('95647522996', 'Dr. Guilherme Fogaça', '1959-03-19', 'F', '(051) 7414 9586', 'dpeixoto@example.com'),
('96575653703', 'Mariane da Rosa', '1996-08-28', 'F', '(081) 6304 7816', 'alexandre16@example.net'),
('98033407072', 'Luiz Felipe Farias', '1998-02-09', 'M', '(041) 5098 7655', 'marcos-vinicius41@example.net'),
('98434563947', 'Natália Ferreira', '1982-06-25', 'F', '(061) 9484 2432', 'zmartins@example.com'),
('98604635324', 'Davi Martins', '1960-11-01', 'F', '(041) 0681-2515', 'monteiroluana@example.org');

-- ============================================================
-- Estrutura da tabela: tabelaconsulta
-- ============================================================
DROP TABLE IF EXISTS `tabelaconsulta`;
CREATE TABLE `tabelaconsulta` (
  `CodCli` char(6) NOT NULL,
  `CodMed` char(7) NOT NULL,
  `CpfPaciente` char(11) NOT NULL,
  `Data_Hora` datetime NOT NULL,
  PRIMARY KEY (`CodCli`,`CodMed`,`CpfPaciente`,`Data_Hora`),
  KEY `CodMed` (`CodMed`),
  KEY `CpfPaciente` (`CpfPaciente`),
  CONSTRAINT `tabelaconsulta_ibfk_1` FOREIGN KEY (`CodCli`) REFERENCES `tabelaclinica` (`CodCli`) ON DELETE CASCADE ON UPDATE CASCADE,
  CONSTRAINT `tabelaconsulta_ibfk_2` FOREIGN KEY (`CodMed`) REFERENCES `tabelamedico` (`CodMed`) ON DELETE CASCADE ON UPDATE CASCADE,
  CONSTRAINT `tabelaconsulta_ibfk_3` FOREIGN KEY (`CpfPaciente`) REFERENCES `tabelapaciente` (`CpfPaciente`) ON DELETE CASCADE ON UPDATE CASCADE
) ENGINE=InnoDB DEFAULT CHARSET=utf8mb4 COLLATE=utf8mb4_0900_ai_ci;

-- Dados da tabela: tabelaconsulta
INSERT INTO `tabelaconsulta` (`CodCli`, `CodMed`, `CpfPaciente`, `Data_Hora`) VALUES
('628169', '0081716', '35362567649', '2025-12-22 12:30:00'),
('628169', '0081716', '51359173728', '2025-12-08 14:15:00'),
('628169', '0081716', '64303785644', '2025-12-25 08:15:00'),
('648111', '0081716', '29256613788', '2025-10-28 08:00:00'),
('648111', '0081716', '34312381360', '2025-12-04 15:00:00'),
('648111', '0081716', '87678744573', '2025-11-21 12:30:00'),
('648111', '0081716', '89967037265', '2026-01-01 15:30:00'),
('674002', '0081716', '18074689310', '2025-10-20 15:15:00'),
('674002', '0081716', '24925729811', '2025-11-24 08:00:00'),
('694494', '0081716', '20056426753', '2025-12-30 17:45:00'),
('694494', '0081716', '28130246791', '2026-01-01 15:15:00'),
('694494', '0081716', '56167863930', '2026-01-25 17:15:00'),
('694494', '0081716', '66161483274', '2025-11-02 17:00:00'),
('694494', '0081716', '78574200867', '2025-10-20 12:00:00'),
('711793', '0081716', '09533959537', '2025-11-24 11:00:00'),
('711793', '0081716', '27378856657', '2025-11-27 10:15:00'),
('711793', '0081716', '28130246791', '2025-11-26 08:45:00'),
('711793', '0081716', '53636438502', '2025-12-01 11:00:00'),
('711793', '0081716', '65924021721', '2026-01-28 12:45:00'),
('711793', '0081716', '74116004134', '2025-11-25 15:45:00'),
('711793', '0081716', '89112157441', '2025-12-08 09:30:00'),
('941941', '0081716', '08070927290', '2025-12-18 13:15:00'),
('941941', '0081716', '10221753593', '2025-12-11 13:00:00'),
('941941', '0081716', '23213087385', '2025-10-10 12:30:00'),
('941941', '0081716', '34536393613', '2025-10-14 11:00:00'),
('628169', '0282521', '23274047865', '2025-12-08 09:15:00'),
('628169', '0282521', '23274047865', '2026-01-21 16:45:00'),
('628169', '0282521', '55102238019', '2025-10-02 09:00:00'),
('648111', '0282521', '20925270328', '2026-01-27 08:00:00'),
('648111', '0282521', '51331724901', '2025-12-11 16:15:00'),
('674002', '0282521', '03019228404', '2025-12-15 09:30:00'),
('674002', '0282521', '35051208835', '2026-01-05 08:15:00'),
('674002', '0282521', '49757062463', '2025-10-24 12:45:00'),
('674002', '0282521', '53636438502', '2025-12-31 15:00:00'),
('674002', '0282521', '84595406724', '2025-10-20 16:45:00'),
('694494', '0282521', '16831994567', '2025-11-06 12:45:00'),
('694494', '0282521', '22185362309', '2025-12-26 09:00:00'),
('694494', '0282521', '35219780319', '2025-11-06 12:15:00'),
('694494', '0282521', '36167349082', '2025-11-19 10:00:00'),
('694494', '0282521', '58721520017', '2025-11-26 12:30:00'),
('694494', '0282521', '67514502927', '2026-01-22 10:45:00'),
('711793', '0282521', '11596588025', '2025-12-01 14:30:00'),
('711793', '0282521', '14181130893', '2025-10-14 12:30:00'),
('711793', '0282521', '16800209681', '2025-12-24 12:15:00'),
('711793', '0282521', '34312381360', '2026-01-20 10:00:00'),
('711793', '0282521', '67497716603', '2025-12-24 13:15:00'),
('711793', '0282521', '68172823346', '2025-12-13 15:30:00'),
('711793', '0282521', '80936430448', '2026-01-01 10:30:00'),
('711793', '0282521', '84595406724', '2026-01-09 13:15:00'),
('941941', '0282521', '05899854051', '2025-11-05 14:15:00'),
('941941', '0282521', '18074689310', '2025-10-23 16:15:00'),
('941941', '0282521', '65597507059', '2025-10-21 16:15:00'),
('941941', '0282521', '65924021721', '2025-11-22 14:30:00'),
('941941', '0282521', '80307502297', '2025-11-06 13:15:00'),
('941941', '0282521', '94956608632', '2025-12-10 10:15:00'),
('628169', '0586020', '05899854051', '2025-10-06 15:45:00'),
('628169', '0586020', '14181130893', '2025-10-20 12:00:00'),
('628169', '0586020', '35051208835', '2025-11-17 10:30:00'),
('628169', '0586020', '60222569349', '2025-11-17 10:30:00'),
('628169', '0586020', '65206213049', '2025-12-17 16:00:00'),
('628169', '0586020', '67363844802', '2025-11-10 11:15:00'),
('628169', '0586020', '80307502297', '2025-12-26 10:00:00'),
('648111', '0586020', '16831994567', '2025-11-10 08:15:00'),
('648111', '0586020', '20925270328', '2025-10-20 08:45:00'),
('648111', '0586020', '65924021721', '2025-12-29 10:15:00'),
('674002', '0586020', '08048357922', '2025-11-13 14:00:00'),
('674002', '0586020', '18743147347', '2025-11-17 08:00:00'),
('674002', '0586020', '69767129853', '2026-01-12 10:15:00'),
('674002', '0586020', '73248592624', '2025-11-10 13:15:00'),
('694494', '0586020', '05254277234', '2026-01-20 12:45:00'),
('694494', '0586020', '35051208835', '2025-12-06 08:30:00'),
('694494', '0586020', '44262874404', '2026-01-09 08:00:00'),
('694494', '0586020', '49757062463', '2025-10-13 15:30:00'),
('694494', '0586020', '54148276217', '2026-01-19 15:00:00'),
('694494', '0586020', '66161483274', '2025-10-27 14:15:00'),
('711793', '0586020', '00957163174', '2025-12-01 17:00:00'),
('711793', '0586020', '05254277234', '2025-12-23 15:30:00'),
('711793', '0586020', '20056426753', '2025-12-26 15:00:00'),
('711793', '0586020', '35051208835', '2025-12-14 08:45:00'),
('711793', '0586020', '51359173728', '2025-12-28 09:15:00'),
('711793', '0586020', '55102238019', '2025-11-12 11:30:00'),
('711793', '0586020', '61861198480', '2025-12-06 10:00:00'),
('711793', '0586020', '65531288128', '2026-01-22 14:00:00'),
('711793', '0586020', '68172823346', '2026-01-19 09:15:00'),
('711793', '0586020', '73248592624', '2025-11-12 10:45:00'),
('711793', '0586020', '93660946847', '2026-01-19 13:15:00'),
('941941', '0586020', '35086150206', '2025-10-22 11:45:00'),
('941941', '0586020', '46837029187', '2026-01-01 17:15:00'),
('941941', '0586020', '68172823346', '2025-11-12 08:00:00'),
('628169', '0693849', '04223205634', '2025-10-02 17:30:00'),
('628169', '0693849', '08070927290', '2025-10-26 10:30:00'),
('628169', '0693849', '14181130893', '2025-11-11 12:30:00'),
('628169', '0693849', '65531288128', '2026-01-02 12:00:00'),
('648111', '0693849', '08048357922', '2025-11-11 16:00:00'),
('648111', '0693849', '20383397597', '2025-10-29 12:15:00'),
('648111', '0693849', '65524518117', '2025-10-03 16:15:00'),
('674002', '0693849', '51359173728', '2025-10-21 10:00:00'),
('674002', '0693849', '78646683438', '2025-10-27 10:15:00'),
('674002', '0693849', '87968504119', '2025-10-27 16:15:00'),
('674002', '0693849', '90298738561', '2025-11-21 16:15:00'),
('694494', '0693849', '26077833708', '2026-01-22 10:00:00'),
('694494', '0693849', '67514502927', '2025-10-24 12:45:00'),
('694494', '0693849', '88195992808', '2025-11-07 16:00:00'),
('694494', '0693849', '98033407072', '2025-10-15 11:45:00'),
('711793', '0693849', '00957163174', '2025-12-08 10:45:00'),
('711793', '0693849', '28130246791', '2026-01-14 10:45:00'),
('711793', '0693849', '34536393613', '2026-01-23 11:45:00'),
('711793', '0693849', '89629048050', '2025-11-21 11:45:00'),
('711793', '0693849', '96575653703', '2025-12-09 11:45:00'),
('711793', '0693849', '98434563947', '2026-01-12 09:00:00'),
('941941', '0693849', '03019228404', '2025-12-25 09:45:00'),
('941941', '0693849', '24153421698', '2026-01-21 08:30:00'),
('941941', '0693849', '36377363923', '2026-01-28 17:30:00'),
('941941', '0693849', '73248592624', '2025-12-16 09:15:00'),
('628169', '0712998', '05899854051', '2025-11-10 11:15:00'),
('628169', '0712998', '23274047865', '2025-12-15 16:30:00'),
('628169', '0712998', '26077833708', '2025-10-06 13:15:00'),
('628169', '0712998', '49757062463', '2026-01-05 12:30:00'),
('628169', '0712998', '67363844802', '2025-12-14 11:15:00'),
('628169', '0712998', '67514502927', '2025-12-02 17:30:00'),
('628169', '0712998', '73445815556', '2025-10-03 11:00:00'),
('648111', '0712998', '18074689310', '2025-12-29 13:30:00'),
('648111', '0712998', '18743147347', '2025-12-04 15:15:00'),
('648111', '0712998', '18934612571', '2025-12-01 14:00:00'),
('648111', '0712998', '35086150206', '2026-01-09 15:30:00'),
('648111', '0712998', '58721520017', '2025-12-23 13:15:00'),
('648111', '0712998', '67514502927', '2025-12-04 11:15:00'),
('674002', '0712998', '02703405946', '2026-01-16 13:00:00'),
('674002', '0712998', '13519350053', '2025-10-15 09:30:00'),
('674002', '0712998', '23129380483', '2026-01-01 14:00:00'),
('674002', '0712998', '36377363923', '2025-10-06 14:15:00'),
('674002', '0712998', '76802879662', '2025-12-15 15:30:00'),
('674002', '0712998', '98434563947', '2025-12-04 17:45:00'),
('694494', '0712998', '05899854051', '2025-10-27 11:45:00'),
('694494', '0712998', '26026961537', '2025-11-10 17:45:00'),
('694494', '0712998', '27378856657', '2025-11-19 11:30:00'),
('694494', '0712998', '27378856657', '2025-12-19 14:45:00'),
('694494', '0712998', '57728954786', '2025-11-22 10:45:00'),
('711793', '0712998', '04223205634', '2026-01-13 16:00:00'),
('711793', '0712998', '56167863930', '2025-10-20 11:00:00'),
('941941', '0712998', '00957163174', '2025-12-18 11:00:00'),
('941941', '0712998', '03019228404', '2025-10-20 10:00:00'),
('941941', '0712998', '03387544947', '2025-10-26 09:15:00'),
('941941', '0712998', '35051208835', '2026-01-19 16:45:00'),
('941941', '0712998', '47696440944', '2025-12-02 17:15:00'),
('941941', '0712998', '52630728709', '2025-12-16 11:45:00'),
('941941', '0712998', '76802879662', '2026-01-09 14:30:00'),
('628169', '1067590', '07957964463', '2025-10-21 14:45:00'),
('628169', '1067590', '59451955460', '2025-11-05 12:00:00'),
('628169', '1067590', '64303785644', '2025-10-06 16:45:00'),
('628169', '1067590', '85427966783', '2025-12-26 11:45:00'),
('628169', '1067590', '89967037265', '2025-11-10 12:30:00'),
('648111', '1067590', '27378856657', '2025-11-27 16:15:00'),
('648111', '1067590', '36377363923', '2026-01-26 14:30:00'),
('648111', '1067590', '54148276217', '2026-01-09 16:45:00'),
('648111', '1067590', '67363844802', '2025-10-28 11:00:00'),
('648111', '1067590', '72435056551', '2025-11-03 12:15:00'),
('648111', '1067590', '73248592624', '2025-10-16 16:45:00'),
('648111', '1067590', '96575653703', '2025-10-06 15:45:00'),
('674002', '1067590', '13519350053', '2025-12-15 08:30:00'),
('674002', '1067590', '18934612571', '2025-12-30 15:30:00'),
('674002', '1067590', '27378856657', '2025-12-10 14:30:00'),
('674002', '1067590', '34312381360', '2025-12-15 12:00:00'),
('674002', '1067590', '35362567649', '2025-12-31 16:30:00'),
('674002', '1067590', '78574200867', '2025-12-15 09:30:00'),
('674002', '1067590', '98033407072', '2025-12-10 16:15:00'),
('694494', '1067590', '08070927290', '2025-12-24 10:45:00'),
('694494', '1067590', '64303785644', '2025-12-17 15:00:00'),
('694494', '1067590', '65597507059', '2025-11-10 15:45:00'),
('694494', '1067590', '66161483274', '2025-12-19 12:15:00'),
('694494', '1067590', '90298738561', '2025-11-09 16:15:00'),
('711793', '1067590', '03019228404', '2025-11-18 08:15:00'),
('711793', '1067590', '22185362309', '2025-11-17 14:30:00'),
('711793', '1067590', '34536393613', '2026-01-29 08:00:00'),
('711793', '1067590', '35362567649', '2025-11-10 12:45:00'),
('941941', '1067590', '09533959537', '2025-11-08 12:00:00'),
('628169', '1326599', '04223205634', '2026-01-19 16:00:00'),
('628169', '1326599', '11596588025', '2025-10-29 15:15:00'),
('628169', '1326599', '24153421698', '2025-10-21 16:45:00'),
('648111', '1326599', '05899854051', '2025-12-26 17:00:00'),
('648111', '1326599', '23213087385', '2025-10-27 09:30:00'),
('648111', '1326599', '29256613788', '2025-11-24 11:30:00'),
('648111', '1326599', '56167863930', '2025-12-09 17:15:00'),
('648111', '1326599', '80936430448', '2025-11-10 12:15:00'),
('674002', '1326599', '03387544947', '2025-10-19 16:15:00'),
('674002', '1326599', '16800209681', '2025-11-17 16:15:00'),
('674002', '1326599', '20056426753', '2025-12-30 11:30:00'),
('674002', '1326599', '30685971258', '2025-11-26 14:15:00'),
('674002', '1326599', '36212056504', '2026-01-30 16:45:00'),
('674002', '1326599', '51331724901', '2025-12-14 13:15:00'),
('674002', '1326599', '67514502927', '2025-12-08 11:30:00'),
('674002', '1326599', '77522338336', '2026-01-16 09:30:00'),
('674002', '1326599', '94956608632', '2025-12-30 11:30:00'),
('694494', '1326599', '09533959537', '2025-11-19 16:15:00'),
('694494', '1326599', '11596588025', '2025-11-03 13:30:00'),
('694494', '1326599', '61861198480', '2025-10-14 15:00:00'),
('694494', '1326599', '78646683438', '2026-01-20 11:30:00'),
('694494', '1326599', '80307502297', '2025-12-22 16:00:00'),
('694494', '1326599', '89629048050', '2025-10-07 08:00:00'),
('694494', '1326599', '94956608632', '2025-12-26 13:00:00'),
('694494', '1326599', '98434563947', '2025-12-07 11:45:00'),
('711793', '1326599', '01703334674', '2025-10-20 12:15:00'),
('711793', '1326599', '04223205634', '2025-11-10 10:45:00'),
('711793', '1326599', '26077833708', '2025-12-12 17:15:00'),
('711793', '1326599', '53636438502', '2025-12-02 14:00:00'),
('711793', '1326599', '61861198480', '2025-11-10 11:15:00'),
('711793', '1326599', '66161483274', '2026-01-10 16:30:00'),
('711793', '1326599', '69767129853', '2026-01-09 10:00:00'),
('711793', '1326599', '85427966783', '2025-10-30 16:45:00'),
('941941', '1326599', '08070927290', '2025-10-09 13:30:00'),
('941941', '1326599', '18934612571', '2025-10-11 11:45:00'),
('941941', '1326599', '26026961537', '2025-12-16 11:00:00'),
('941941', '1326599', '46837029187', '2026-01-22 12:00:00'),
('941941', '1326599', '54148276217', '2026-01-11 08:00:00'),
('628169', '1403453', '26026961537', '2026-01-08 08:00:00'),
('628169', '1403453', '48071562494', '2025-12-25 11:30:00'),
('628169', '1403453', '54148276217', '2025-10-31 14:15:00'),
('628169', '1403453', '69767129853', '2025-11-24 11:30:00'),
('648111', '1403453', '00957163174', '2025-12-22 15:15:00'),
('648111', '1403453', '28130246791', '2025-10-13 11:15:00'),
('648111', '1403453', '46837029187', '2025-12-29 09:45:00'),
('648111', '1403453', '49757062463', '2025-12-21 11:45:00'),
('648111', '1403453', '53032820498', '2025-12-07 11:15:00'),
('648111', '1403453', '53032820498', '2026-01-14 17:30:00'),
('648111', '1403453', '56167863930', '2026-01-27 10:45:00'),
('648111', '1403453', '65597507059', '2025-10-17 15:45:00'),
('648111', '1403453', '68172823346', '2026-01-21 10:00:00'),
('648111', '1403453', '74086549180', '2025-12-26 15:45:00'),
('674002', '1403453', '26026961537', '2026-01-25 12:30:00'),
('674002', '1403453', '67497716603', '2025-10-21 14:15:00'),
('674002', '1403453', '67514502927', '2026-01-09 13:00:00'),
('674002', '1403453', '67514502927', '2026-01-13 10:00:00'),
('694494', '1403453', '16831994567', '2025-10-27 09:15:00'),
('694494', '1403453', '73248592624', '2025-12-15 14:15:00'),
('694494', '1403453', '98604635324', '2025-12-19 15:15:00'),
('711793', '1403453', '03019228404', '2025-12-01 11:00:00'),
('711793', '1403453', '28130246791', '2025-12-22 16:00:00'),
('711793', '1403453', '35051208835', '2026-01-30 16:00:00'),
('711793', '1403453', '44262874404', '2025-10-27 14:15:00'),
('711793', '1403453', '89967037265', '2025-10-10 08:15:00'),
('941941', '1403453', '09042552631', '2025-10-27 14:00:00'),
('941941', '1403453', '27378856657', '2025-12-08 08:00:00'),
('941941', '1403453', '27378856657', '2025-12-22 10:00:00'),
('941941', '1403453', '57409515983', '2025-10-27 08:30:00'),
('941941', '1403453', '68172823346', '2026-01-12 16:00:00'),
('628169', '1706433', '30685971258', '2026-01-05 09:00:00'),
('628169', '1706433', '53636438502', '2025-11-04 12:00:00'),
('628169', '1706433', '56167863930', '2025-12-01 15:30:00'),
('628169', '1706433', '65206213049', '2025-11-25 08:30:00'),
('648111', '1706433', '13519350053', '2025-11-27 10:15:00'),
('648111', '1706433', '34312381360', '2025-12-08 17:00:00'),
('648111', '1706433', '36212056504', '2025-12-22 16:45:00'),
('648111', '1706433', '65924021721', '2025-10-20 08:30:00'),
('648111', '1706433', '84595406724', '2025-10-09 17:45:00'),
('674002', '1706433', '08048357922', '2025-11-23 08:15:00'),
('674002', '1706433', '08070927290', '2025-11-03 09:30:00'),
('674002', '1706433', '23213087385', '2025-10-06 14:45:00'),
('674002', '1706433', '51331724901', '2025-11-21 09:45:00'),
('674002', '1706433', '51359173728', '2025-12-29 09:00:00'),
('674002', '1706433', '67497716603', '2026-01-13 08:00:00'),
('674002', '1706433', '73248592624', '2026-01-28 09:00:00'),
('674002', '1706433', '85427966783', '2025-12-01 12:15:00'),
('674002', '1706433', '94956608632', '2025-12-15 10:00:00'),
('694494', '1706433', '23129380483', '2026-01-14 10:15:00'),
('694494', '1706433', '34312381360', '2026-01-26 08:15:00'),
('694494', '1706433', '51331724901', '2025-11-03 15:15:00'),
('694494', '1706433', '54148276217', '2025-12-15 13:15:00'),
('694494', '1706433', '64303785644', '2026-01-22 15:30:00'),
('694494', '1706433', '68172823346', '2025-12-22 13:45:00'),
('694494', '1706433', '74086549180', '2026-01-29 11:15:00'),
('694494', '1706433', '80936430448', '2025-12-22 17:00:00'),
('711793', '1706433', '22185362309', '2026-01-06 17:45:00'),
('711793', '1706433', '26026961537', '2025-12-15 13:30:00'),
('711793', '1706433', '34312381360', '2025-11-11 17:15:00'),
('711793', '1706433', '61861198480', '2026-01-27 17:00:00'),
('711793', '1706433', '65305041128', '2025-10-12 14:15:00'),
('941941', '1706433', '01703334674', '2026-01-13 16:15:00'),
('941941', '1706433', '80936430448', '2025-11-12 10:45:00'),
('628169', '1775107', '00957163174', '2025-10-13 15:15:00'),
('628169', '1775107', '23274047865', '2026-01-14 17:45:00'),
('628169', '1775107', '24153421698', '2026-01-05 15:00:00'),
('628169', '1775107', '53032820498', '2025-11-17 15:00:00'),
('628169', '1775107', '60222569349', '2026-01-30 11:00:00'),
('628169', '1775107', '62631200749', '2026-01-12 10:00:00'),
('628169', '1775107', '68172823346', '2025-11-28 15:30:00'),
('628169', '1775107', '69767129853', '2026-01-06 14:15:00'),
('628169', '1775107', '90298738561', '2026-01-30 13:15:00'),
('648111', '1775107', '16800209681', '2025-12-11 14:45:00'),
('648111', '1775107', '26077833708', '2025-10-10 09:30:00'),
('648111', '1775107', '67804051224', '2025-10-19 11:00:00'),
('648111', '1775107', '84595406724', '2025-11-24 13:30:00'),
('648111', '1775107', '90298738561', '2025-10-14 17:00:00'),
('674002', '1775107', '05899854051', '2025-10-19 12:30:00'),
('674002', '1775107', '07957964463', '2026-01-26 15:45:00'),
('674002', '1775107', '36377363923', '2025-12-10 13:30:00'),
('674002', '1775107', '53636438502', '2025-10-16 14:15:00'),
('674002', '1775107', '55102238019', '2026-01-22 09:45:00'),
('674002', '1775107', '65305041128', '2026-01-21 08:00:00'),
('694494', '1775107', '65305041128', '2025-11-10 10:30:00'),
('694494', '1775107', '78574200867', '2025-12-22 10:15:00'),
('694494', '1775107', '98434563947', '2025-12-26 10:15:00'),
('711793', '1775107', '04223205634', '2025-12-24 15:00:00'),
('711793', '1775107', '36377363923', '2025-12-11 16:30:00'),
('711793', '1775107', '48071562494', '2025-12-14 09:00:00'),
('711793', '1775107', '67497716603', '2025-11-28 16:15:00'),
('941941', '1775107', '04223205634', '2025-11-07 16:45:00'),
('941941', '1775107', '14181130893', '2025-12-08 17:30:00'),
('941941', '1775107', '34536393613', '2026-01-02 12:45:00'),
('941941', '1775107', '54148276217', '2025-10-13 11:00:00'),
('941941', '1775107', '89112157441', '2026-01-13 10:00:00'),
('628169', '2023204', '05254277234', '2025-12-20 08:45:00'),
('628169', '2023204', '34312381360', '2025-12-31 14:15:00'),
('628169', '2023204', '35362567649', '2025-10-14 11:30:00'),
('628169', '2023204', '36167349082', '2026-01-08 17:15:00'),
('628169', '2023204', '36377363923', '2026-01-02 08:00:00'),
('628169', '2023204', '76802879662', '2025-11-10 14:00:00'),
('628169', '2023204', '78646683438', '2025-12-10 08:15:00'),
('628169', '2023204', '84595406724', '2025-12-18 15:00:00'),
('648111', '2023204', '34536393613', '2025-11-24 08:45:00'),
('648111', '2023204', '35086150206', '2026-01-12 11:00:00'),
('648111', '2023204', '59451955460', '2026-01-29 09:15:00'),
('648111', '2023204', '62631200749', '2025-12-31 15:15:00'),
('648111', '2023204', '74116004134', '2026-01-26 14:30:00'),
('674002', '2023204', '09533959537', '2025-12-29 11:30:00'),
('674002', '2023204', '18074689310', '2025-12-15 13:30:00'),
('674002', '2023204', '24925729811', '2025-11-03 11:45:00'),
('674002', '2023204', '51331724901', '2025-10-10 11:30:00'),
('674002', '2023204', '52630728709', '2025-11-25 14:45:00'),
('674002', '2023204', '73248592624', '2025-11-28 14:30:00'),
('694494', '2023204', '16800209681', '2025-12-03 09:30:00'),
('694494', '2023204', '18934612571', '2025-12-03 09:00:00'),
('694494', '2023204', '36377363923', '2025-10-17 16:00:00'),
('694494', '2023204', '36377363923', '2026-01-05 16:30:00'),
('694494', '2023204', '53032820498', '2025-12-16 10:00:00'),
('694494', '2023204', '61861198480', '2025-11-03 16:15:00'),
('694494', '2023204', '67363844802', '2026-01-22 11:00:00'),
('711793', '2023204', '01703334674', '2025-11-25 10:15:00'),
('711793', '2023204', '14181130893', '2025-11-28 13:15:00'),
('711793', '2023204', '57728954786', '2025-10-21 10:15:00'),
('711793', '2023204', '84595406724', '2025-12-15 13:45:00'),
('711793', '2023204', '94956608632', '2025-11-26 17:15:00'),
('711793', '2023204', '96575653703', '2025-10-09 15:00:00'),
('941941', '2023204', '23274047865', '2025-12-12 08:15:00'),
('941941', '2023204', '65524518117', '2025-12-16 14:15:00'),
('941941', '2023204', '80307502297', '2025-10-17 12:30:00'),
('941941', '2023204', '88195992808', '2025-11-21 11:00:00'),
('941941', '2023204', '98434563947', '2025-10-05 09:15:00'),
('628169', '2734205', '23213087385', '2025-11-17 08:45:00'),
('628169', '2734205', '35051208835', '2025-11-27 11:30:00'),
('628169', '2734205', '74116004134', '2025-12-26 11:15:00'),
('648111', '2734205', '04223205634', '2025-10-13 10:15:00'),
('648111', '2734205', '26026961537', '2025-11-03 15:45:00'),
('674002', '2734205', '23129380483', '2026-01-26 15:15:00'),
('674002', '2734205', '80307502297', '2026-01-12 13:30:00'),
('674002', '2734205', '84595406724', '2025-11-01 14:30:00'),
('694494', '2734205', '03387544947', '2025-11-07 13:00:00'),
('694494', '2734205', '93660946847', '2025-10-31 11:45:00'),
('694494', '2734205', '96575653703', '2025-12-14 11:00:00'),
('711793', '2734205', '27378856657', '2025-10-23 08:00:00'),
('711793', '2734205', '44262874404', '2025-12-30 13:00:00'),
('711793', '2734205', '49757062463', '2026-01-16 09:45:00'),
('711793', '2734205', '70633393376', '2025-10-23 08:30:00'),
('941941', '2734205', '23213087385', '2025-10-19 17:30:00'),
('941941', '2734205', '26591263582', '2025-10-21 17:00:00'),
('941941', '2734205', '29256613788', '2025-10-13 16:45:00'),
('941941', '2734205', '65524518117', '2026-01-01 13:00:00'),
('941941', '2734205', '76802879662', '2025-10-16 17:45:00'),
('941941', '2734205', '78646683438', '2025-12-02 17:30:00'),
('628169', '3094587', '03019228404', '2025-10-09 09:45:00'),
('628169', '3094587', '67514502927', '2025-11-14 14:00:00'),
('648111', '3094587', '11596588025', '2025-10-05 10:00:00'),
('648111', '3094587', '26591263582', '2025-11-12 16:15:00'),
('648111', '3094587', '34312381360', '2026-01-07 17:15:00'),
('648111', '3094587', '36167349082', '2025-12-01 16:30:00'),
('648111', '3094587', '67514502927', '2026-01-02 15:30:00'),
('648111', '3094587', '70633393376', '2026-01-19 17:45:00'),
('648111', '3094587', '73445815556', '2025-12-29 09:30:00'),
('648111', '3094587', '74086549180', '2025-12-16 09:30:00'),
('648111', '3094587', '89967037265', '2026-01-14 10:45:00'),
('674002', '3094587', '28130246791', '2026-01-05 16:30:00'),
('674002', '3094587', '51359173728', '2025-10-20 08:30:00'),
('674002', '3094587', '64303785644', '2026-01-06 10:00:00'),
('674002', '3094587', '67363844802', '2026-01-22 09:15:00'),
('674002', '3094587', '76802879662', '2025-10-24 13:15:00'),
('674002', '3094587', '80307502297', '2025-11-22 17:30:00'),
('674002', '3094587', '80936430448', '2026-01-13 15:45:00'),
('674002', '3094587', '96575653703', '2025-11-14 17:30:00'),
('694494', '3094587', '09533959537', '2025-12-08 14:15:00'),
('694494', '3094587', '16831994567', '2025-10-31 17:30:00'),
('694494', '3094587', '19393661492', '2025-11-01 08:45:00'),
('694494', '3094587', '26591263582', '2025-10-10 09:15:00'),
('694494', '3094587', '46837029187', '2025-10-21 08:00:00'),
('694494', '3094587', '67363844802', '2026-01-15 11:00:00'),
('694494', '3094587', '67804051224', '2026-01-12 16:00:00'),
('694494', '3094587', '85427966783', '2025-12-08 15:45:00'),
('711793', '3094587', '23129380483', '2025-12-16 12:30:00'),
('711793', '3094587', '23274047865', '2025-11-10 09:30:00'),
('711793', '3094587', '48071562494', '2025-10-27 13:45:00'),
('711793', '3094587', '67497716603', '2025-12-22 08:45:00'),
('941941', '3094587', '02703405946', '2025-12-25 15:15:00'),
('941941', '3094587', '05899854051', '2025-10-23 16:45:00'),
('941941', '3094587', '16831994567', '2025-10-27 16:45:00'),
('941941', '3094587', '20925270328', '2025-11-25 16:00:00'),
('941941', '3094587', '67497716603', '2025-12-18 09:15:00'),
('941941', '3094587', '74116004134', '2025-12-01 09:45:00'),
('628169', '3420663', '68172823346', '2026-01-14 16:15:00'),
('628169', '3420663', '89629048050', '2025-11-26 13:30:00'),
('648111', '3420663', '65206213049', '2025-12-17 16:45:00'),
('648111', '3420663', '74086549180', '2026-01-13 08:30:00'),
('674002', '3420663', '05899854051', '2026-01-17 10:00:00'),
('674002', '3420663', '16800209681', '2026-01-11 08:45:00'),
('674002', '3420663', '30685971258', '2025-11-10 11:30:00'),
('674002', '3420663', '30685971258', '2025-12-01 17:30:00'),
('674002', '3420663', '56167863930', '2025-12-16 10:00:00'),
('674002', '3420663', '87678744573', '2026-01-13 16:45:00'),
('674002', '3420663', '88195992808', '2026-01-05 11:45:00'),
('674002', '3420663', '98434563947', '2025-10-17 14:30:00'),
('694494', '3420663', '00957163174', '2025-11-11 16:00:00'),
('694494', '3420663', '16800209681', '2025-10-30 12:00:00'),
('694494', '3420663', '18934612571', '2025-11-04 16:15:00'),
('694494', '3420663', '34312381360', '2026-01-09 15:30:00'),
('694494', '3420663', '65524518117', '2025-12-22 13:00:00'),
('711793', '3420663', '26026961537', '2025-12-01 12:00:00'),
('711793', '3420663', '57409515983', '2025-12-26 16:30:00'),
('711793', '3420663', '66161483274', '2025-11-27 15:30:00'),
('941941', '3420663', '00957163174', '2025-12-19 12:30:00'),
('941941', '3420663', '05254277234', '2026-01-05 08:00:00'),
('941941', '3420663', '56167863930', '2025-12-23 17:00:00'),
('941941', '3420663', '77522338336', '2025-11-13 11:30:00'),
('941941', '3420663', '88195992808', '2026-01-15 13:45:00'),
('628169', '3591687', '05899854051', '2025-10-06 09:15:00'),
('628169', '3591687', '20056426753', '2026-01-08 12:45:00'),
('628169', '3591687', '26591263582', '2025-12-22 17:15:00'),
('628169', '3591687', '28130246791', '2025-10-26 08:30:00'),
('628169', '3591687', '65524518117', '2025-11-12 08:15:00'),
('628169', '3591687', '67497716603', '2026-01-09 10:45:00'),
('628169', '3591687', '89629048050', '2025-11-08 11:45:00'),
('648111', '3591687', '00957163174', '2026-01-08 13:30:00'),
('648111', '3591687', '48071562494', '2025-10-24 09:30:00'),
('674002', '3591687', '02703405946', '2025-11-25 10:30:00'),
('674002', '3591687', '26026961537', '2025-12-08 11:15:00'),
('674002', '3591687', '29256613788', '2025-10-15 11:00:00'),
('674002', '3591687', '36212056504', '2025-10-18 10:30:00'),
('674002', '3591687', '54148276217', '2025-10-30 15:15:00'),
('674002', '3591687', '57409515983', '2025-11-16 12:30:00'),
('674002', '3591687', '62349607795', '2026-01-05 11:45:00'),
('674002', '3591687', '65305041128', '2026-01-12 15:00:00'),
('674002', '3591687', '69767129853', '2025-12-16 15:15:00'),
('674002', '3591687', '72435056551', '2026-01-05 13:45:00'),
('674002', '3591687', '74086549180', '2026-01-01 08:00:00'),
('674002', '3591687', '77522338336', '2025-12-08 17:15:00'),
('694494', '3591687', '00957163174', '2025-10-07 11:00:00'),
('694494', '3591687', '03019228404', '2025-10-23 15:30:00'),
('694494', '3591687', '35362567649', '2025-12-27 09:30:00'),
('694494', '3591687', '48071562494', '2026-01-22 13:15:00'),
('694494', '3591687', '94956608632', '2025-10-30 08:30:00'),
('711793', '3591687', '89967037265', '2025-12-08 08:15:00'),
('941941', '3591687', '03387544947', '2025-12-19 17:45:00'),
('941941', '3591687', '23213087385', '2025-10-08 11:30:00'),
('941941', '3591687', '27378856657', '2026-01-26 17:00:00'),
('941941', '3591687', '52630728709', '2026-01-30 14:00:00'),
('628169', '4233758', '05899854051', '2025-12-02 10:00:00'),
('628169', '4233758', '62631200749', '2026-01-12 12:30:00'),
('628169', '4233758', '65305041128', '2025-11-27 11:30:00'),
('628169', '4233758', '85427966783', '2025-10-06 09:30:00'),
('628169', '4233758', '89112157441', '2025-12-01 13:15:00'),
('648111', '4233758', '03019228404', '2026-01-28 17:45:00'),
('648111', '4233758', '09533959537', '2025-12-17 14:15:00'),
('648111', '4233758', '13519350053', '2025-12-30 08:45:00'),
('648111', '4233758', '34312381360', '2025-12-15 09:45:00'),
('648111', '4233758', '49757062463', '2025-10-20 12:00:00'),
('648111', '4233758', '74116004134', '2026-01-12 16:15:00'),
('674002', '4233758', '05254277234', '2026-01-14 14:15:00'),
('674002', '4233758', '18934612571', '2026-01-12 08:00:00'),
('674002', '4233758', '53032820498', '2025-12-06 12:15:00'),
('674002', '4233758', '54148276217', '2025-10-29 12:00:00'),
('694494', '4233758', '04223205634', '2025-12-20 16:45:00'),
('694494', '4233758', '16831994567', '2025-10-09 16:45:00'),
('694494', '4233758', '18074689310', '2025-10-31 08:45:00'),
('694494', '4233758', '22185362309', '2026-01-27 09:15:00'),
('694494', '4233758', '23213087385', '2026-01-07 11:45:00'),
('694494', '4233758', '84595406724', '2025-11-19 13:15:00'),
('711793', '4233758', '35219780319', '2026-01-23 15:45:00'),
('711793', '4233758', '60222569349', '2025-12-17 16:30:00'),
('711793', '4233758', '65531288128', '2025-11-06 14:45:00'),
('711793', '4233758', '78646683438', '2025-12-05 17:30:00'),
('711793', '4233758', '90298738561', '2026-01-19 09:30:00'),
('941941', '4233758', '00957163174', '2025-10-16 11:30:00'),
('941941', '4233758', '03387544947', '2025-11-24 17:00:00'),
('941941', '4233758', '04223205634', '2025-11-28 11:00:00'),
('941941', '4233758', '24925729811', '2026-01-07 16:30:00'),
('941941', '4233758', '26026961537', '2025-11-28 15:45:00'),
('941941', '4233758', '67497716603', '2025-12-03 14:15:00'),
('941941', '4233758', '89112157441', '2025-12-26 09:45:00'),
('941941', '4233758', '89967037265', '2025-11-23 16:45:00'),
('628169', '4486518', '26026961537', '2025-12-23 11:15:00'),
('628169', '4486518', '67363844802', '2025-12-08 12:00:00'),
('628169', '4486518', '85427966783', '2025-10-18 15:45:00'),
('648111', '4486518', '20383397597', '2025-10-22 12:45:00'),
('648111', '4486518', '23213087385', '2025-12-28 17:15:00'),
('648111', '4486518', '23213087385', '2026-01-19 15:45:00'),
('648111', '4486518', '34312381360', '2025-12-02 08:15:00'),
('648111', '4486518', '36212056504', '2025-10-13 12:00:00'),
('648111', '4486518', '36377363923', '2025-12-26 10:30:00'),
('648111', '4486518', '51359173728', '2025-10-22 11:00:00'),
('648111', '4486518', '65524518117', '2025-12-02 10:15:00'),
('648111', '4486518', '65597507059', '2025-10-27 12:30:00'),
('648111', '4486518', '73248592624', '2025-12-10 14:00:00'),
('674002', '4486518', '00957163174', '2025-10-26 14:45:00'),
('674002', '4486518', '16800209681', '2025-11-17 12:15:00'),
('674002', '4486518', '22185362309', '2025-12-01 15:00:00'),
('674002', '4486518', '26026961537', '2025-12-01 15:00:00'),
('674002', '4486518', '51331724901', '2026-01-26 16:30:00'),
('694494', '4486518', '16831994567', '2025-10-03 09:15:00'),
('694494', '4486518', '19393661492', '2025-10-22 09:00:00'),
('694494', '4486518', '29256613788', '2026-01-12 15:30:00'),
('694494', '4486518', '34536393613', '2026-01-13 14:15:00'),
('694494', '4486518', '51359173728', '2025-12-30 08:45:00'),
('694494', '4486518', '87968504119', '2025-11-14 17:15:00'),
('711793', '4486518', '20383397597', '2026-01-25 08:00:00'),
('711793', '4486518', '23274047865', '2025-11-10 08:00:00'),
('711793', '4486518', '29256613788', '2025-12-01 10:30:00'),
('711793', '4486518', '36377363923', '2026-01-26 09:00:00'),
('711793', '4486518', '51331724901', '2025-12-23 12:00:00'),
('711793', '4486518', '65597507059', '2025-12-08 16:00:00'),
('711793', '4486518', '96575653703', '2025-11-28 08:00:00'),
('711793', '4486518', '98033407072', '2025-11-03 14:00:00'),
('941941', '4486518', '05899854051', '2025-10-13 13:15:00'),
('941941', '4486518', '14181130893', '2025-12-15 15:45:00'),
('941941', '4486518', '18934612571', '2026-01-19 10:30:00'),
('941941', '4486518', '44262874404', '2025-12-06 10:15:00'),
('628169', '4836966', '16800209681', '2025-12-01 10:15:00'),
('628169', '4836966', '20925270328', '2025-11-24 13:15:00'),
('628169', '4836966', '29256613788', '2026-01-22 13:30:00'),
('628169', '4836966', '74116004134', '2025-12-20 14:00:00'),
('628169', '4836966', '78646683438', '2025-11-17 16:45:00'),
('648111', '4836966', '09533959537', '2025-12-03 08:15:00'),
('648111', '4836966', '26591263582', '2025-11-03 16:00:00'),
('648111', '4836966', '48071562494', '2025-11-10 10:15:00'),
('648111', '4836966', '49757062463', '2025-12-04 10:00:00'),
('648111', '4836966', '52630728709', '2026-01-09 10:00:00'),
('648111', '4836966', '54148276217', '2025-10-22 15:45:00'),
('648111', '4836966', '61861198480', '2025-10-03 09:15:00'),
('648111', '4836966', '67804051224', '2025-10-31 10:45:00'),
('648111', '4836966', '73445815556', '2025-11-04 17:45:00'),
('648111', '4836966', '74116004134', '2026-01-05 17:45:00'),
('648111', '4836966', '93660946847', '2026-01-21 11:30:00'),
('674002', '4836966', '11596588025', '2025-11-21 12:30:00'),
('674002', '4836966', '46837029187', '2025-10-27 13:30:00'),
('674002', '4836966', '54148276217', '2025-10-20 11:45:00'),
('674002', '4836966', '67497716603', '2025-11-03 10:15:00'),
('674002', '4836966', '73248592624', '2025-11-20 12:30:00'),
('674002', '4836966', '80936430448', '2026-01-28 11:45:00'),
('694494', '4836966', '04223205634', '2025-12-22 10:30:00'),
('694494', '4836966', '78574200867', '2025-10-02 14:15:00'),
('711793', '4836966', '02703405946', '2025-10-25 10:45:00'),
('711793', '4836966', '11596588025', '2025-12-10 17:30:00'),
('711793', '4836966', '36212056504', '2025-12-08 12:45:00'),
('711793', '4836966', '46837029187', '2025-10-06 12:30:00'),
('711793', '4836966', '54148276217', '2025-10-24 17:30:00'),
('711793', '4836966', '65597507059', '2025-11-29 15:30:00'),
('711793', '4836966', '78574200867', '2025-10-05 14:15:00'),
('711793', '4836966', '78574200867', '2025-11-03 14:15:00'),
('711793', '4836966', '84595406724', '2025-11-25 12:30:00'),
('941941', '4836966', '13519350053', '2025-10-21 08:30:00'),
('941941', '4836966', '29256613788', '2026-01-19 16:30:00'),
('941941', '4836966', '51359173728', '2025-11-24 14:30:00'),
('941941', '4836966', '54148276217', '2025-11-03 17:15:00'),
('941941', '4836966', '62631200749', '2025-11-03 09:45:00'),
('941941', '4836966', '65531288128', '2025-12-09 17:30:00'),
('941941', '4836966', '74116004134', '2026-01-05 13:15:00'),
('628169', '5313861', '18743147347', '2025-12-19 14:00:00'),
('628169', '5313861', '20056426753', '2025-10-02 13:45:00'),
('628169', '5313861', '20056426753', '2025-10-03 15:15:00'),
('628169', '5313861', '52630728709', '2025-10-27 09:45:00'),
('628169', '5313861', '58721520017', '2026-01-02 12:15:00'),
('628169', '5313861', '70633393376', '2025-12-04 09:45:00'),
('628169', '5313861', '70633393376', '2025-12-23 17:30:00'),
('628169', '5313861', '89112157441', '2025-11-28 15:30:00'),
('648111', '5313861', '09533959537', '2025-11-17 15:30:00'),
('648111', '5313861', '35051208835', '2025-11-05 13:00:00'),
('648111', '5313861', '69767129853', '2026-01-09 16:30:00'),
('648111', '5313861', '69767129853', '2026-01-30 09:30:00'),
('648111', '5313861', '76802879662', '2025-11-28 15:15:00'),
('648111', '5313861', '80307502297', '2025-10-24 15:15:00'),
('648111', '5313861', '90298738561', '2025-10-13 17:30:00'),
('674002', '5313861', '01703334674', '2025-11-12 11:45:00'),
('694494', '5313861', '05254277234', '2026-01-05 08:30:00'),
('694494', '5313861', '35086150206', '2026-01-17 09:45:00'),
('694494', '5313861', '36212056504', '2025-12-12 08:45:00'),
('694494', '5313861', '47696440944', '2025-10-17 17:15:00'),
('694494', '5313861', '57728954786', '2025-12-29 10:15:00'),
('711793', '5313861', '04223205634', '2025-10-29 17:30:00'),
('711793', '5313861', '18934612571', '2026-01-25 17:00:00'),
('711793', '5313861', '35051208835', '2025-12-31 14:15:00'),
('711793', '5313861', '70633393376', '2025-12-23 10:00:00'),
('711793', '5313861', '89629048050', '2025-12-08 14:00:00'),
('941941', '5313861', '26026961537', '2025-12-31 13:30:00'),
('941941', '5313861', '36167349082', '2026-01-12 08:30:00'),
('941941', '5313861', '64303785644', '2026-01-25 14:45:00'),
('941941', '5313861', '72435056551', '2026-01-29 10:30:00'),
('941941', '5313861', '98604635324', '2026-01-09 10:00:00'),
('941941', '5313861', '98604635324', '2026-01-10 13:00:00'),
('628169', '5320595', '16800209681', '2025-12-19 16:00:00'),
('628169', '5320595', '23213087385', '2025-11-09 11:30:00'),
('628169', '5320595', '35362567649', '2026-01-12 09:45:00'),
('628169', '5320595', '49757062463', '2025-12-11 11:45:00'),
('628169', '5320595', '52630728709', '2026-01-05 08:30:00'),
('628169', '5320595', '70633393376', '2026-01-12 09:30:00'),
('628169', '5320595', '70633393376', '2026-01-13 09:45:00'),
('628169', '5320595', '80307502297', '2025-11-28 15:30:00'),
('648111', '5320595', '05899854051', '2025-11-14 14:30:00'),
('648111', '5320595', '07957964463', '2026-01-26 08:30:00'),
('648111', '5320595', '18743147347', '2026-01-17 15:15:00'),
('648111', '5320595', '26077833708', '2026-01-12 11:00:00'),
('648111', '5320595', '65524518117', '2025-12-06 17:15:00'),
('648111', '5320595', '70633393376', '2025-10-13 12:00:00'),
('648111', '5320595', '88195992808', '2025-10-22 11:00:00'),
('648111', '5320595', '96575653703', '2026-01-08 12:00:00'),
('674002', '5320595', '08070927290', '2026-01-29 09:15:00'),
('674002', '5320595', '34312381360', '2025-12-12 15:30:00'),
('674002', '5320595', '51331724901', '2025-12-11 16:15:00'),
('674002', '5320595', '60222569349', '2025-10-27 13:45:00'),
('674002', '5320595', '67804051224', '2025-10-13 16:15:00'),
('674002', '5320595', '69767129853', '2025-12-01 15:45:00'),
('674002', '5320595', '72435056551', '2025-11-28 12:30:00'),
('694494', '5320595', '35219780319', '2025-12-08 13:45:00'),
('694494', '5320595', '44262874404', '2025-10-14 17:00:00'),
('694494', '5320595', '56167863930', '2025-12-19 14:15:00'),
('694494', '5320595', '59451955460', '2025-10-27 16:30:00'),
('711793', '5320595', '23129380483', '2025-12-25 13:30:00'),
('711793', '5320595', '23274047865', '2025-12-14 14:15:00'),
('711793', '5320595', '74116004134', '2025-12-29 09:15:00'),
('711793', '5320595', '84595406724', '2026-01-11 09:00:00'),
('711793', '5320595', '88195992808', '2025-10-29 11:30:00'),
('711793', '5320595', '89629048050', '2025-10-28 15:30:00'),
('941941', '5320595', '28130246791', '2025-10-27 11:15:00'),
('941941', '5320595', '29256613788', '2025-10-30 09:00:00'),
('941941', '5320595', '65531288128', '2025-12-12 10:15:00'),
('941941', '5320595', '74116004134', '2025-12-20 09:15:00'),
('941941', '5320595', '93660946847', '2025-11-10 09:15:00'),
('628169', '5517290', '18934612571', '2025-11-24 16:45:00'),
('628169', '5517290', '29256613788', '2026-01-03 09:00:00'),
('628169', '5517290', '53636438502', '2025-12-16 14:30:00'),
('628169', '5517290', '62349607795', '2025-11-10 12:30:00'),
('628169', '5517290', '64303785644', '2025-10-27 13:15:00'),
('628169', '5517290', '89967037265', '2025-12-01 15:15:00'),
('648111', '5517290', '26077833708', '2025-11-07 16:00:00'),
('648111', '5517290', '27378856657', '2025-11-16 15:45:00'),
('648111', '5517290', '61861198480', '2025-10-13 10:30:00'),
('648111', '5517290', '65531288128', '2026-01-19 16:45:00'),
('648111', '5517290', '76802879662', '2025-10-10 09:00:00'),
('674002', '5517290', '03387544947', '2025-11-19 08:30:00'),
('674002', '5517290', '19393661492', '2025-12-04 11:15:00'),
('674002', '5517290', '26026961537', '2025-12-25 11:30:00'),
('674002', '5517290', '51359173728', '2025-12-01 13:30:00'),
('674002', '5517290', '56167863930', '2025-11-26 17:15:00'),
('674002', '5517290', '59451955460', '2025-12-01 14:30:00'),
('674002', '5517290', '89112157441', '2025-11-24 16:15:00'),
('694494', '5517290', '36167349082', '2025-12-03 12:45:00'),
('694494', '5517290', '57409515983', '2025-10-30 17:00:00'),
('694494', '5517290', '69767129853', '2026-01-01 12:45:00'),
('694494', '5517290', '73445815556', '2026-01-13 17:15:00'),
('694494', '5517290', '76802879662', '2026-01-09 17:15:00'),
('694494', '5517290', '78574200867', '2025-12-30 16:15:00'),
('694494', '5517290', '98434563947', '2026-01-24 10:15:00'),
('711793', '5517290', '14181130893', '2025-11-13 09:30:00'),
('711793', '5517290', '30685971258', '2025-11-03 16:30:00'),
('711793', '5517290', '55102238019', '2025-10-28 08:45:00'),
('711793', '5517290', '55102238019', '2025-12-15 08:00:00'),
('711793', '5517290', '64303785644', '2025-11-24 10:45:00'),
('711793', '5517290', '65597507059', '2026-01-14 15:15:00'),
('711793', '5517290', '65597507059', '2026-01-15 17:30:00'),
('941941', '5517290', '14181130893', '2025-11-21 12:00:00'),
('941941', '5517290', '18743147347', '2025-12-01 08:45:00'),
('941941', '5517290', '52630728709', '2025-12-19 16:00:00'),
('941941', '5517290', '78574200867', '2025-12-08 10:30:00'),
('628169', '5730295', '26026961537', '2025-10-27 09:30:00'),
('628169', '5730295', '44262874404', '2025-11-24 09:00:00'),
('628169', '5730295', '72435056551', '2025-12-31 12:15:00'),
('628169', '5730295', '89967037265', '2025-10-06 12:15:00'),
('648111', '5730295', '04223205634', '2025-11-17 10:00:00'),
('648111', '5730295', '10221753593', '2026-01-27 14:45:00'),
('648111', '5730295', '14181130893', '2025-12-08 11:30:00'),
('648111', '5730295', '26077833708', '2026-01-20 08:15:00'),
('648111', '5730295', '51331724901', '2025-12-04 15:00:00'),
('648111', '5730295', '67497716603', '2025-10-13 16:15:00'),
('648111', '5730295', '67497716603', '2025-12-05 17:00:00'),
('648111', '5730295', '67514502927', '2026-01-28 12:45:00'),
('648111', '5730295', '69767129853', '2025-11-10 13:30:00'),
('648111', '5730295', '69767129853', '2025-12-29 17:00:00'),
('648111', '5730295', '87678744573', '2025-11-09 08:00:00'),
('648111', '5730295', '95647522996', '2025-10-07 12:30:00'),
('648111', '5730295', '96575653703', '2025-10-03 17:00:00'),
('674002', '5730295', '07957964463', '2025-12-08 13:30:00'),
('674002', '5730295', '14181130893', '2025-10-23 13:30:00'),
('674002', '5730295', '18743147347', '2025-10-17 08:30:00'),
('674002', '5730295', '24153421698', '2025-12-01 12:30:00'),
('674002', '5730295', '26026961537', '2025-12-08 16:15:00'),
('674002', '5730295', '34536393613', '2025-12-13 15:30:00'),
('674002', '5730295', '35086150206', '2025-12-25 08:30:00'),
('674002', '5730295', '57728954786', '2025-10-22 10:30:00'),
('674002', '5730295', '65524518117', '2025-12-19 16:00:00'),
('674002', '5730295', '87678744573', '2025-10-19 12:00:00'),
('694494', '5730295', '13519350053', '2026-01-04 13:30:00'),
('694494', '5730295', '23274047865', '2026-01-30 11:00:00'),
('694494', '5730295', '65524518117', '2026-01-23 11:45:00'),
('711793', '5730295', '00957163174', '2025-10-03 10:30:00'),
('711793', '5730295', '36377363923', '2026-01-17 09:00:00'),
('711793', '5730295', '69767129853', '2026-01-11 09:30:00'),
('941941', '5730295', '11596588025', '2025-10-28 08:00:00'),
('941941', '5730295', '14181130893', '2026-01-04 13:15:00'),
('941941', '5730295', '26026961537', '2025-11-12 09:00:00'),
('941941', '5730295', '27378856657', '2026-01-25 08:45:00'),
('941941', '5730295', '74086549180', '2025-12-05 17:00:00'),
('628169', '5867512', '08048357922', '2025-10-31 16:45:00'),
('628169', '5867512', '09042552631', '2025-11-02 09:45:00'),
('628169', '5867512', '26026961537', '2025-11-10 08:15:00'),
('628169', '5867512', '88195992808', '2026-01-14 15:15:00'),
('648111', '5867512', '14181130893', '2026-01-02 17:45:00'),
('648111', '5867512', '22185362309', '2026-01-25 09:00:00'),
('648111', '5867512', '29256613788', '2025-12-22 10:45:00'),
('648111', '5867512', '58721520017', '2026-01-13 12:45:00'),
('648111', '5867512', '67514502927', '2025-10-28 11:00:00'),
('648111', '5867512', '84595406724', '2025-11-03 08:00:00'),
('648111', '5867512', '90298738561', '2025-12-25 08:30:00'),
('674002', '5867512', '23129380483', '2025-11-27 10:00:00'),
('674002', '5867512', '65531288128', '2025-12-26 11:30:00'),
('694494', '5867512', '24925729811', '2025-11-11 08:15:00'),
('711793', '5867512', '34312381360', '2026-01-26 13:45:00'),
('711793', '5867512', '35051208835', '2025-10-09 15:00:00'),
('711793', '5867512', '35219780319', '2025-10-21 12:15:00'),
('711793', '5867512', '62349607795', '2025-11-27 08:45:00'),
('711793', '5867512', '72435056551', '2025-11-28 13:00:00'),
('711793', '5867512', '98033407072', '2026-01-05 08:15:00'),
('941941', '5867512', '05899854051', '2026-01-23 08:45:00'),
('941941', '5867512', '09042552631', '2026-01-01 09:30:00'),
('941941', '5867512', '20383397597', '2025-11-15 08:15:00'),
('941941', '5867512', '34536393613', '2025-10-08 15:30:00'),
('941941', '5867512', '44262874404', '2025-11-10 11:00:00'),
('941941', '5867512', '47696440944', '2025-10-13 10:45:00'),
('941941', '5867512', '51331724901', '2025-11-07 13:45:00'),
('941941', '5867512', '53032820498', '2026-01-28 10:45:00'),
('941941', '5867512', '77522338336', '2025-11-10 13:15:00'),
('628169', '5881934', '20925270328', '2025-11-10 11:30:00'),
('628169', '5881934', '62349607795', '2025-12-10 10:15:00'),
('628169', '5881934', '88195992808', '2025-12-08 17:30:00'),
('628169', '5881934', '98033407072', '2026-01-19 11:45:00'),
('648111', '5881934', '03387544947', '2026-01-10 14:00:00'),
('648111', '5881934', '09533959537', '2026-01-19 14:45:00'),
('648111', '5881934', '13519350053', '2025-10-27 14:15:00'),
('648111', '5881934', '16800209681', '2025-11-17 12:00:00'),
('648111', '5881934', '19393661492', '2025-12-15 12:15:00'),
('648111', '5881934', '36377363923', '2026-01-04 11:15:00'),
('648111', '5881934', '65206213049', '2025-11-10 16:30:00'),
('648111', '5881934', '65924021721', '2025-10-10 09:00:00'),
('648111', '5881934', '72435056551', '2025-10-31 16:30:00'),
('674002', '5881934', '03019228404', '2026-01-11 12:00:00'),
('674002', '5881934', '35219780319', '2026-01-26 15:00:00'),
('674002', '5881934', '64303785644', '2025-10-27 11:15:00'),
('674002', '5881934', '89112157441', '2026-01-26 14:15:00'),
('674002', '5881934', '94956608632', '2025-11-24 13:30:00'),
('694494', '5881934', '05899854051', '2025-11-05 15:00:00'),
('694494', '5881934', '10221753593', '2025-10-29 14:30:00'),
('694494', '5881934', '26077833708', '2025-10-29 08:30:00'),
('694494', '5881934', '36167349082', '2025-12-01 13:45:00'),
('694494', '5881934', '64303785644', '2025-10-06 10:15:00'),
('694494', '5881934', '64303785644', '2025-10-13 11:45:00'),
('694494', '5881934', '88195992808', '2025-11-17 14:30:00'),
('711793', '5881934', '61861198480', '2026-01-21 14:45:00'),
('711793', '5881934', '65206213049', '2026-01-01 16:45:00'),
('711793', '5881934', '65305041128', '2025-12-05 16:15:00'),
('941941', '5881934', '14181130893', '2026-01-22 12:45:00'),
('941941', '5881934', '18074689310', '2025-10-24 13:30:00'),
('941941', '5881934', '27378856657', '2025-11-20 15:15:00'),
('941941', '5881934', '35086150206', '2026-01-20 12:30:00'),
('941941', '5881934', '59451955460', '2026-01-27 12:00:00'),
('941941', '5881934', '65206213049', '2025-10-06 17:45:00'),
('628169', '5925009', '03387544947', '2025-10-20 15:00:00'),
('628169', '5925009', '07957964463', '2025-11-03 09:30:00'),
('628169', '5925009', '19393661492', '2025-11-07 13:45:00'),
('628169', '5925009', '28130246791', '2025-12-15 17:45:00'),
('628169', '5925009', '56167863930', '2025-12-07 17:30:00'),
('628169', '5925009', '57728954786', '2025-10-13 10:00:00'),
('628169', '5925009', '70633393376', '2025-12-02 10:45:00'),
('628169', '5925009', '98434563947', '2026-01-19 10:00:00'),
('648111', '5925009', '08048357922', '2025-11-28 08:15:00'),
('648111', '5925009', '30685971258', '2025-11-24 09:00:00'),
('648111', '5925009', '35219780319', '2025-11-28 10:15:00'),
('648111', '5925009', '49757062463', '2025-11-21 08:30:00'),
('648111', '5925009', '53636438502', '2025-11-19 13:30:00'),
('648111', '5925009', '61861198480', '2026-01-26 17:30:00'),
('648111', '5925009', '70633393376', '2025-11-01 11:00:00'),
('648111', '5925009', '76802879662', '2025-11-18 17:00:00'),
('674002', '5925009', '03387544947', '2025-12-24 15:30:00'),
('674002', '5925009', '05899854051', '2025-12-18 09:45:00'),
('674002', '5925009', '22185362309', '2025-12-16 16:15:00'),
('674002', '5925009', '26026961537', '2025-12-21 17:00:00'),
('674002', '5925009', '27378856657', '2025-11-07 10:45:00'),
('674002', '5925009', '35362567649', '2025-11-25 14:30:00'),
('674002', '5925009', '46837029187', '2025-10-06 14:00:00'),
('674002', '5925009', '55102238019', '2025-12-22 16:15:00'),
('674002', '5925009', '62631200749', '2025-11-11 10:30:00'),
('674002', '5925009', '89112157441', '2025-10-06 10:15:00'),
('674002', '5925009', '94956608632', '2025-12-12 09:30:00'),
('711793', '5925009', '03387544947', '2026-01-23 17:15:00'),
('711793', '5925009', '19393661492', '2025-11-05 14:00:00'),
('711793', '5925009', '64303785644', '2025-12-05 16:00:00'),
('711793', '5925009', '67497716603', '2025-11-18 11:30:00'),
('711793', '5925009', '78646683438', '2026-01-05 10:00:00'),
('711793', '5925009', '93660946847', '2025-11-03 17:15:00'),
('941941', '5925009', '05254277234', '2026-01-05 12:00:00'),
('941941', '5925009', '05254277234', '2026-01-18 13:30:00'),
('941941', '5925009', '36167349082', '2025-12-23 15:45:00'),
('941941', '5925009', '49757062463', '2026-01-07 16:15:00'),
('941941', '5925009', '68172823346', '2026-01-12 09:15:00'),
('941941', '5925009', '73445815556', '2025-11-20 15:30:00'),
('941941', '5925009', '78646683438', '2025-11-28 11:15:00'),
('941941', '5925009', '98604635324', '2025-11-17 17:00:00'),
('628169', '6124651', '05899854051', '2025-12-09 09:15:00'),
('628169', '6124651', '22185362309', '2025-11-10 15:00:00'),
('628169', '6124651', '24925729811', '2025-10-13 08:30:00'),
('628169', '6124651', '35051208835', '2025-11-12 09:00:00'),
('628169', '6124651', '55102238019', '2026-01-22 10:00:00'),
('628169', '6124651', '61861198480', '2025-11-09 10:30:00'),
('628169', '6124651', '87968504119', '2026-01-12 10:00:00'),
('648111', '6124651', '13519350053', '2025-10-26 10:15:00'),
('648111', '6124651', '35086150206', '2025-10-22 12:15:00'),
('648111', '6124651', '77522338336', '2025-12-16 08:15:00'),
('648111', '6124651', '85427966783', '2025-10-04 09:15:00'),
('674002', '6124651', '07957964463', '2025-12-01 15:45:00'),
('674002', '6124651', '09533959537', '2025-12-15 08:45:00'),
('674002', '6124651', '10221753593', '2026-01-07 09:30:00'),
('674002', '6124651', '34536393613', '2026-01-20 10:00:00'),
('674002', '6124651', '46837029187', '2025-11-18 09:30:00'),
('674002', '6124651', '58721520017', '2025-11-19 09:45:00'),
('674002', '6124651', '72435056551', '2026-01-14 08:00:00'),
('694494', '6124651', '01703334674', '2025-11-20 09:45:00'),
('694494', '6124651', '23213087385', '2026-01-23 17:15:00'),
('694494', '6124651', '30685971258', '2025-12-10 09:15:00'),
('694494', '6124651', '53032820498', '2025-10-06 09:15:00'),
('694494', '6124651', '54148276217', '2026-01-16 17:45:00'),
('694494', '6124651', '55102238019', '2026-01-26 09:15:00'),
('694494', '6124651', '65597507059', '2025-10-24 08:00:00'),
('694494', '6124651', '96575653703', '2025-12-31 16:30:00'),
('711793', '6124651', '09042552631', '2026-01-21 17:30:00'),
('711793', '6124651', '19393661492', '2025-11-17 17:00:00'),
('711793', '6124651', '23213087385', '2025-11-11 11:15:00'),
('711793', '6124651', '27378856657', '2025-12-15 09:00:00'),
('711793', '6124651', '66161483274', '2025-10-14 13:45:00'),
('941941', '6124651', '05254277234', '2025-11-20 10:00:00'),
('941941', '6124651', '10221753593', '2025-10-10 09:15:00'),
('941941', '6124651', '10221753593', '2025-11-05 15:45:00'),
('941941', '6124651', '29256613788', '2025-10-13 13:45:00'),
('941941', '6124651', '67514502927', '2026-01-22 10:30:00'),
('941941', '6124651', '78574200867', '2026-01-30 09:15:00'),
('941941', '6124651', '78646683438', '2026-01-20 17:00:00'),
('941941', '6124651', '80936430448', '2025-12-25 11:30:00'),
('628169', '6172922', '14181130893', '2025-10-03 11:15:00'),
('628169', '6172922', '20056426753', '2025-12-04 11:45:00'),
('628169', '6172922', '26591263582', '2025-12-21 12:30:00'),
('628169', '6172922', '29256613788', '2025-12-10 11:00:00'),
('628169', '6172922', '76802879662', '2025-12-03 08:15:00'),
('648111', '6172922', '01703334674', '2025-12-10 11:30:00'),
('648111', '6172922', '20056426753', '2025-12-04 15:45:00'),
('648111', '6172922', '35051208835', '2025-11-23 14:15:00'),
('648111', '6172922', '36167349082', '2025-10-13 11:00:00'),
('648111', '6172922', '36212056504', '2025-10-22 09:15:00'),
('648111', '6172922', '53032820498', '2025-10-27 11:00:00'),
('648111', '6172922', '53636438502', '2025-10-29 11:15:00'),
('648111', '6172922', '57409515983', '2025-12-26 15:45:00'),
('648111', '6172922', '74116004134', '2025-12-02 14:15:00'),
('648111', '6172922', '89967037265', '2026-01-11 10:15:00'),
('674002', '6172922', '09042552631', '2025-11-21 12:15:00'),
('674002', '6172922', '09533959537', '2025-11-20 13:30:00'),
('674002', '6172922', '16800209681', '2025-10-29 12:15:00'),
('674002', '6172922', '16800209681', '2025-11-07 08:30:00'),
('674002', '6172922', '67804051224', '2025-10-06 09:00:00'),
('694494', '6172922', '05899854051', '2025-10-13 15:30:00'),
('694494', '6172922', '19393661492', '2025-10-08 13:00:00'),
('694494', '6172922', '20925270328', '2025-12-09 09:45:00'),
('694494', '6172922', '23129380483', '2025-12-29 08:15:00'),
('694494', '6172922', '52630728709', '2025-10-21 08:30:00'),
('694494', '6172922', '54148276217', '2026-01-27 09:15:00'),
('694494', '6172922', '57728954786', '2025-10-02 16:45:00'),
('694494', '6172922', '60222569349', '2025-11-09 09:30:00'),
('694494', '6172922', '72435056551', '2025-12-08 08:30:00'),
('711793', '6172922', '20925270328', '2026-01-28 10:00:00'),
('711793', '6172922', '28130246791', '2025-12-14 15:00:00'),
('711793', '6172922', '65206213049', '2026-01-27 08:15:00'),
('711793', '6172922', '89629048050', '2025-12-26 11:00:00'),
('941941', '6172922', '00957163174', '2026-01-02 16:45:00'),
('941941', '6172922', '10221753593', '2025-11-06 09:45:00'),
('941941', '6172922', '35219780319', '2025-12-01 14:30:00'),
('941941', '6172922', '65597507059', '2026-01-01 11:00:00'),
('941941', '6172922', '67514502927', '2025-12-04 09:30:00'),
('941941', '6172922', '80936430448', '2025-11-03 10:45:00'),
('941941', '6172922', '95647522996', '2025-11-24 12:30:00'),
('628169', '6462136', '16831994567', '2025-11-24 16:30:00'),
('628169', '6462136', '35362567649', '2025-10-11 08:15:00'),
('628169', '6462136', '64303785644', '2025-10-07 13:15:00'),
('628169', '6462136', '65924021721', '2025-12-29 11:00:00'),
('628169', '6462136', '67363844802', '2026-01-19 11:30:00'),
('628169', '6462136', '67497716603', '2025-11-26 12:30:00'),
('628169', '6462136', '89967037265', '2025-12-09 10:15:00'),
('648111', '6462136', '10221753593', '2025-10-03 10:15:00'),
('648111', '6462136', '16831994567', '2026-01-15 16:30:00'),
('648111', '6462136', '59451955460', '2025-12-30 12:30:00'),
('648111', '6462136', '67514502927', '2026-01-06 11:00:00'),
('648111', '6462136', '68172823346', '2025-12-22 13:00:00'),
('648111', '6462136', '89967037265', '2025-10-08 17:45:00'),
('674002', '6462136', '03019228404', '2025-11-11 11:00:00'),
('674002', '6462136', '05254277234', '2026-01-19 12:15:00'),
('674002', '6462136', '14181130893', '2026-01-12 14:15:00'),
('674002', '6462136', '22185362309', '2025-10-07 12:15:00'),
('674002', '6462136', '44262874404', '2025-11-14 16:45:00'),
('674002', '6462136', '62349607795', '2026-01-05 10:30:00'),
('674002', '6462136', '62631200749', '2025-10-08 09:30:00'),
('674002', '6462136', '65531288128', '2025-12-12 17:15:00'),
('674002', '6462136', '89967037265', '2026-01-05 13:45:00'),
('694494', '6462136', '08070927290', '2026-01-05 17:30:00'),
('694494', '6462136', '18074689310', '2025-12-18 13:45:00'),
('694494', '6462136', '53636438502', '2026-01-19 14:15:00'),
('694494', '6462136', '61861198480', '2025-11-03 08:45:00'),
('694494', '6462136', '65305041128', '2025-11-10 17:15:00'),
('694494', '6462136', '74086549180', '2025-10-27 10:30:00'),
('694494', '6462136', '74116004134', '2025-12-08 09:45:00'),
('694494', '6462136', '77522338336', '2025-11-14 12:15:00'),
('711793', '6462136', '13519350053', '2025-10-10 14:15:00'),
('711793', '6462136', '53636438502', '2025-11-11 08:30:00'),
('941941', '6462136', '16800209681', '2026-01-12 08:00:00'),
('941941', '6462136', '35362567649', '2025-12-13 14:45:00'),
('941941', '6462136', '62631200749', '2025-11-07 13:45:00'),
('941941', '6462136', '65206213049', '2025-12-24 16:45:00'),
('941941', '6462136', '73248592624', '2025-12-08 17:15:00'),
('941941', '6462136', '78574200867', '2025-11-05 15:45:00'),
('628169', '6643896', '26077833708', '2025-11-24 15:00:00'),
('628169', '6643896', '34312381360', '2025-10-22 16:15:00'),
('628169', '6643896', '36377363923', '2025-12-01 13:45:00'),
('628169', '6643896', '89967037265', '2025-12-24 10:30:00'),
('628169', '6643896', '94956608632', '2025-10-21 11:45:00'),
('648111', '6643896', '09533959537', '2026-01-19 13:15:00'),
('648111', '6643896', '36167349082', '2025-11-19 12:15:00'),
('648111', '6643896', '62631200749', '2025-11-11 15:00:00'),
('648111', '6643896', '65597507059', '2025-10-13 10:15:00'),
('648111', '6643896', '73248592624', '2025-11-19 17:30:00'),
('674002', '6643896', '05254277234', '2025-10-20 14:00:00'),
('674002', '6643896', '16831994567', '2026-01-12 15:30:00'),
('674002', '6643896', '20056426753', '2025-12-02 09:45:00'),
('674002', '6643896', '65206213049', '2025-11-13 15:30:00'),
('674002', '6643896', '68172823346', '2026-01-26 13:15:00'),
('674002', '6643896', '77522338336', '2026-01-22 09:30:00'),
('694494', '6643896', '04223205634', '2025-11-03 09:30:00'),
('694494', '6643896', '34312381360', '2025-12-29 12:30:00'),
('694494', '6643896', '44262874404', '2025-11-18 13:45:00'),
('694494', '6643896', '67497716603', '2026-01-11 10:30:00'),
('694494', '6643896', '72435056551', '2026-01-26 17:45:00'),
('711793', '6643896', '08070927290', '2026-01-29 17:45:00'),
('711793', '6643896', '85427966783', '2025-11-03 11:45:00'),
('711793', '6643896', '87968504119', '2025-12-05 11:15:00'),
('941941', '6643896', '27378856657', '2025-12-17 14:00:00'),
('941941', '6643896', '47696440944', '2025-10-06 16:45:00'),
('941941', '6643896', '55102238019', '2025-10-30 08:45:00'),
('941941', '6643896', '61861198480', '2025-12-04 16:45:00'),
('941941', '6643896', '65305041128', '2026-01-11 10:45:00'),
('941941', '6643896', '95647522996', '2026-01-29 16:45:00'),
('628169', '6699586', '26026961537', '2025-12-24 17:00:00'),
('628169', '6699586', '36167349082', '2025-11-23 12:30:00'),
('628169', '6699586', '53636438502', '2025-12-18 12:00:00'),
('628169', '6699586', '67514502927', '2025-11-10 08:00:00'),
('628169', '6699586', '74116004134', '2026-01-27 09:00:00'),
('628169', '6699586', '98604635324', '2025-12-23 13:45:00'),
('648111', '6699586', '03387544947', '2025-10-14 17:15:00'),
('648111', '6699586', '05254277234', '2025-12-16 13:15:00'),
('648111', '6699586', '08070927290', '2025-10-10 08:30:00'),
('648111', '6699586', '09042552631', '2026-01-27 12:15:00'),
('648111', '6699586', '10221753593', '2025-11-25 09:00:00'),
('648111', '6699586', '18074689310', '2026-01-08 10:15:00'),
('648111', '6699586', '36167349082', '2025-10-25 09:00:00'),
('648111', '6699586', '61861198480', '2025-12-07 09:30:00'),
('648111', '6699586', '62349607795', '2025-12-22 13:15:00'),
('648111', '6699586', '65597507059', '2025-10-31 09:45:00'),
('674002', '6699586', '09042552631', '2025-10-16 10:00:00'),
('674002', '6699586', '09042552631', '2025-12-04 15:00:00'),
('674002', '6699586', '52630728709', '2025-11-16 13:15:00'),
('694494', '6699586', '07957964463', '2026-01-16 09:45:00'),
('694494', '6699586', '08070927290', '2025-10-27 09:00:00'),
('694494', '6699586', '19393661492', '2025-10-06 12:15:00'),
('694494', '6699586', '57409515983', '2025-12-30 10:00:00'),
('711793', '6699586', '16831994567', '2025-11-04 11:00:00'),
('711793', '6699586', '51359173728', '2025-12-22 08:30:00'),
('711793', '6699586', '60222569349', '2025-10-02 08:45:00'),
('941941', '6699586', '11596588025', '2025-10-23 15:00:00'),
('941941', '6699586', '11596588025', '2026-01-14 09:30:00'),
('941941', '6699586', '14181130893', '2026-01-09 15:45:00'),
('941941', '6699586', '44262874404', '2025-10-07 11:45:00'),
('941941', '6699586', '66161483274', '2025-11-21 12:15:00'),
('941941', '6699586', '67363844802', '2025-11-10 11:00:00'),
('628169', '6773556', '24153421698', '2025-10-04 16:15:00'),
('628169', '6773556', '24925729811', '2026-01-20 14:30:00'),
('628169', '6773556', '51331724901', '2025-12-12 17:00:00'),
('648111', '6773556', '44262874404', '2025-10-27 10:15:00'),
('648111', '6773556', '69767129853', '2025-10-28 12:45:00'),
('648111', '6773556', '70633393376', '2026-01-14 11:15:00'),
('648111', '6773556', '74116004134', '2025-11-10 12:00:00'),
('674002', '6773556', '20383397597', '2025-11-10 15:30:00'),
('674002', '6773556', '20925270328', '2025-11-05 16:15:00'),
('674002', '6773556', '49757062463', '2025-12-11 12:00:00'),
('674002', '6773556', '67804051224', '2025-12-12 09:45:00'),
('694494', '6773556', '03387544947', '2026-01-05 13:45:00'),
('694494', '6773556', '08048357922', '2026-01-15 14:45:00'),
('694494', '6773556', '23213087385', '2026-01-28 11:30:00'),
('694494', '6773556', '24153421698', '2026-01-04 10:15:00'),
('694494', '6773556', '26591263582', '2026-01-12 16:45:00'),
('694494', '6773556', '62631200749', '2025-10-13 17:15:00'),
('694494', '6773556', '65524518117', '2025-10-13 12:15:00'),
('694494', '6773556', '65924021721', '2025-10-13 09:30:00'),
('694494', '6773556', '80307502297', '2025-11-06 09:00:00'),
('694494', '6773556', '90298738561', '2025-11-28 12:45:00'),
('711793', '6773556', '46837029187', '2025-10-16 13:30:00'),
('711793', '6773556', '49757062463', '2026-01-15 17:15:00'),
('711793', '6773556', '53636438502', '2026-01-01 09:00:00'),
('711793', '6773556', '73248592624', '2025-10-07 15:45:00'),
('941941', '6773556', '03019228404', '2025-10-02 08:15:00'),
('941941', '6773556', '03387544947', '2025-11-28 15:15:00'),
('941941', '6773556', '30685971258', '2025-10-22 10:15:00'),
('941941', '6773556', '35051208835', '2025-12-12 11:30:00'),
('941941', '6773556', '52630728709', '2025-11-10 16:30:00'),
('941941', '6773556', '73445815556', '2025-12-11 14:15:00'),
('941941', '6773556', '78574200867', '2025-10-24 10:00:00'),
('941941', '6773556', '84595406724', '2025-12-17 11:30:00'),
('941941', '6773556', '98033407072', '2025-11-25 08:00:00'),
('628169', '7133338', '18074689310', '2026-01-08 13:45:00'),
('628169', '7133338', '30685971258', '2025-12-14 15:00:00'),
('628169', '7133338', '73445815556', '2025-10-30 09:30:00'),
('628169', '7133338', '87968504119', '2025-10-13 13:45:00'),
('628169', '7133338', '88195992808', '2025-12-25 10:45:00'),
('628169', '7133338', '89629048050', '2025-12-22 14:00:00'),
('628169', '7133338', '95647522996', '2025-10-13 13:15:00'),
('648111', '7133338', '08048357922', '2025-10-10 12:00:00'),
('648111', '7133338', '22185362309', '2025-10-02 10:15:00'),
('648111', '7133338', '22185362309', '2026-01-19 13:00:00'),
('648111', '7133338', '51359173728', '2025-10-10 16:45:00'),
('648111', '7133338', '64303785644', '2026-01-19 12:00:00'),
('648111', '7133338', '65597507059', '2025-12-29 12:00:00'),
('648111', '7133338', '78574200867', '2025-11-13 16:30:00'),
('674002', '7133338', '47696440944', '2025-11-17 09:15:00'),
('674002', '7133338', '89112157441', '2025-10-07 08:15:00'),
('694494', '7133338', '28130246791', '2026-01-26 15:45:00'),
('694494', '7133338', '57728954786', '2026-01-27 17:45:00'),
('694494', '7133338', '67497716603', '2025-10-22 12:30:00'),
('694494', '7133338', '67514502927', '2026-01-19 13:45:00'),
('711793', '7133338', '20925270328', '2025-11-27 14:15:00'),
('711793', '7133338', '26591263582', '2026-01-23 11:30:00'),
('711793', '7133338', '36377363923', '2025-10-16 08:00:00'),
('711793', '7133338', '47696440944', '2025-11-27 08:00:00'),
('711793', '7133338', '65524518117', '2025-11-26 11:15:00'),
('711793', '7133338', '73445815556', '2026-01-05 09:15:00'),
('941941', '7133338', '18074689310', '2026-01-26 14:00:00'),
('941941', '7133338', '24925729811', '2025-10-23 12:45:00'),
('941941', '7133338', '51331724901', '2025-11-29 09:00:00'),
('941941', '7133338', '55102238019', '2025-11-17 13:15:00'),
('941941', '7133338', '59451955460', '2025-11-03 09:30:00'),
('941941', '7133338', '65305041128', '2025-11-21 10:15:00'),
('941941', '7133338', '74086549180', '2025-12-22 10:15:00'),
('941941', '7133338', '77522338336', '2025-12-29 17:45:00'),
('628169', '7312370', '26077833708', '2025-12-31 13:30:00'),
('628169', '7312370', '48071562494', '2025-10-13 13:30:00'),
('628169', '7312370', '73248592624', '2025-10-15 13:30:00'),
('628169', '7312370', '85427966783', '2025-11-26 12:00:00'),
('628169', '7312370', '95647522996', '2025-11-03 12:15:00'),
('648111', '7312370', '36377363923', '2025-10-20 08:30:00'),
('648111', '7312370', '36377363923', '2026-01-07 10:45:00'),
('648111', '7312370', '59451955460', '2025-12-31 16:45:00'),
('648111', '7312370', '69767129853', '2025-12-04 12:15:00'),
('674002', '7312370', '09042552631', '2025-10-29 15:30:00'),
('674002', '7312370', '26591263582', '2025-11-21 12:30:00'),
('674002', '7312370', '46837029187', '2025-10-13 11:15:00'),
('674002', '7312370', '52630728709', '2025-12-31 14:00:00'),
('674002', '7312370', '62349607795', '2025-12-29 09:15:00'),
('674002', '7312370', '67514502927', '2025-12-04 13:15:00'),
('674002', '7312370', '67804051224', '2025-10-07 11:30:00'),
('674002', '7312370', '98604635324', '2025-10-15 16:30:00'),
('694494', '7312370', '26026961537', '2025-12-25 16:30:00'),
('694494', '7312370', '44262874404', '2025-12-01 11:30:00'),
('694494', '7312370', '48071562494', '2025-10-13 08:30:00'),
('694494', '7312370', '62349607795', '2025-12-29 16:30:00'),
('694494', '7312370', '65305041128', '2025-12-30 16:45:00'),
('694494', '7312370', '65924021721', '2025-11-10 16:00:00'),
('694494', '7312370', '69767129853', '2025-11-28 17:30:00'),
('694494', '7312370', '85427966783', '2025-10-02 08:15:00'),
('694494', '7312370', '98434563947', '2026-01-19 13:00:00'),
('711793', '7312370', '09042552631', '2026-01-13 13:30:00'),
('711793', '7312370', '18934612571', '2026-01-26 12:15:00'),
('711793', '7312370', '20925270328', '2025-11-17 11:30:00'),
('711793', '7312370', '54148276217', '2025-11-21 13:15:00'),
('711793', '7312370', '67363844802', '2025-10-21 15:45:00'),
('941941', '7312370', '61861198480', '2025-12-09 14:45:00'),
('941941', '7312370', '62631200749', '2026-01-20 09:15:00'),
('941941', '7312370', '73248592624', '2025-12-23 12:30:00'),
('941941', '7312370', '78574200867', '2025-11-17 11:30:00'),
('628169', '7350621', '03387544947', '2025-11-12 10:15:00'),
('628169', '7350621', '18074689310', '2025-11-24 08:45:00'),
('628169', '7350621', '36377363923', '2025-10-16 16:45:00'),
('628169', '7350621', '54148276217', '2025-12-24 16:30:00'),
('628169', '7350621', '57409515983', '2026-01-05 09:00:00'),
('628169', '7350621', '61861198480', '2025-12-09 13:30:00'),
('648111', '7350621', '11596588025', '2025-10-13 16:30:00'),
('648111', '7350621', '36377363923', '2025-10-06 09:15:00'),
('648111', '7350621', '58721520017', '2025-10-20 11:15:00'),
('648111', '7350621', '78646683438', '2025-11-11 12:45:00'),
('648111', '7350621', '89629048050', '2026-01-02 09:15:00'),
('648111', '7350621', '89967037265', '2025-12-08 08:45:00'),
('674002', '7350621', '02703405946', '2026-01-01 16:15:00'),
('674002', '7350621', '02703405946', '2026-01-20 17:45:00'),
('674002', '7350621', '26591263582', '2026-01-19 10:15:00'),
('674002', '7350621', '51331724901', '2026-01-29 16:30:00'),
('674002', '7350621', '57409515983', '2025-11-03 16:15:00'),
('674002', '7350621', '87968504119', '2025-12-19 15:45:00'),
('694494', '7350621', '04223205634', '2025-11-17 10:45:00'),
('694494', '7350621', '36377363923', '2026-01-08 15:00:00'),
('694494', '7350621', '51359173728', '2026-01-07 13:30:00'),
('694494', '7350621', '52630728709', '2025-11-25 13:15:00'),
('694494', '7350621', '56167863930', '2025-10-22 14:30:00'),
('694494', '7350621', '67497716603', '2025-12-08 17:15:00'),
('694494', '7350621', '72435056551', '2025-11-03 14:15:00'),
('694494', '7350621', '89629048050', '2025-10-16 15:00:00'),
('711793', '7350621', '00957163174', '2026-01-14 10:00:00'),
('711793', '7350621', '57728954786', '2025-11-26 11:00:00'),
('711793', '7350621', '68172823346', '2025-10-27 08:30:00'),
('711793', '7350621', '78574200867', '2026-01-09 15:45:00'),
('711793', '7350621', '87968504119', '2025-10-15 10:00:00'),
('711793', '7350621', '89967037265', '2025-12-21 11:30:00'),
('711793', '7350621', '98033407072', '2025-11-27 14:00:00'),
('711793', '7350621', '98434563947', '2025-10-27 14:00:00'),
('941941', '7350621', '65531288128', '2025-11-19 16:30:00'),
('941941', '7350621', '66161483274', '2025-11-03 12:45:00'),
('941941', '7350621', '77522338336', '2025-11-13 11:00:00'),
('628169', '7518784', '67497716603', '2025-10-20 13:15:00'),
('628169', '7518784', '96575653703', '2025-12-02 09:00:00'),
('648111', '7518784', '18743147347', '2025-12-03 14:45:00'),
('648111', '7518784', '20383397597', '2026-01-30 12:30:00'),
('648111', '7518784', '67363844802', '2025-11-22 11:00:00'),
('674002', '7518784', '23129380483', '2025-12-29 17:15:00'),
('674002', '7518784', '23274047865', '2025-11-03 16:45:00'),
('674002', '7518784', '23274047865', '2025-11-04 15:00:00'),
('674002', '7518784', '47696440944', '2026-01-03 15:15:00'),
('694494', '7518784', '16831994567', '2025-10-14 16:00:00'),
('694494', '7518784', '18743147347', '2025-12-30 10:00:00'),
('694494', '7518784', '19393661492', '2025-11-22 12:15:00'),
('694494', '7518784', '24925729811', '2025-12-31 11:00:00'),
('694494', '7518784', '89967037265', '2025-10-20 08:00:00'),
('711793', '7518784', '18743147347', '2025-11-02 08:30:00'),
('711793', '7518784', '30685971258', '2025-10-05 11:30:00'),
('711793', '7518784', '35219780319', '2025-11-10 16:15:00'),
('711793', '7518784', '53032820498', '2026-01-26 17:30:00'),
('711793', '7518784', '67514502927', '2026-01-26 16:15:00'),
('711793', '7518784', '73445815556', '2026-01-13 09:30:00'),
('711793', '7518784', '78574200867', '2025-10-24 12:30:00'),
('711793', '7518784', '87968504119', '2025-11-30 12:45:00'),
('941941', '7518784', '11596588025', '2025-12-01 10:00:00'),
('941941', '7518784', '54148276217', '2025-10-27 16:45:00'),
('941941', '7518784', '67497716603', '2025-11-06 14:45:00'),
('628169', '7834333', '48071562494', '2026-01-12 10:30:00'),
('628169', '7834333', '53032820498', '2025-12-04 12:15:00'),
('628169', '7834333', '65305041128', '2025-12-15 11:15:00'),
('628169', '7834333', '80307502297', '2025-12-22 10:30:00'),
('648111', '7834333', '03387544947', '2025-11-17 15:00:00'),
('648111', '7834333', '18934612571', '2025-11-17 08:45:00'),
('648111', '7834333', '19393661492', '2026-01-18 09:15:00'),
('648111', '7834333', '23129380483', '2025-10-21 16:15:00'),
('648111', '7834333', '34312381360', '2026-01-05 16:15:00'),
('648111', '7834333', '65305041128', '2025-11-04 08:00:00'),
('648111', '7834333', '88195992808', '2025-11-18 10:45:00'),
('674002', '7834333', '36167349082', '2025-10-06 09:15:00'),
('694494', '7834333', '23274047865', '2025-10-06 16:15:00'),
('694494', '7834333', '36167349082', '2025-10-16 14:00:00'),
('694494', '7834333', '36167349082', '2025-11-03 12:30:00'),
('694494', '7834333', '51359173728', '2025-11-02 09:15:00'),
('694494', '7834333', '65206213049', '2025-11-03 13:30:00'),
('694494', '7834333', '74116004134', '2025-10-10 13:15:00'),
('694494', '7834333', '84595406724', '2025-12-03 13:00:00'),
('711793', '7834333', '11596588025', '2025-12-19 15:00:00'),
('711793', '7834333', '16831994567', '2025-12-05 12:45:00'),
('711793', '7834333', '24925729811', '2025-11-10 11:45:00'),
('711793', '7834333', '55102238019', '2026-01-22 09:45:00'),
('711793', '7834333', '65206213049', '2025-10-17 16:00:00'),
('711793', '7834333', '89967037265', '2025-12-22 14:00:00'),
('711793', '7834333', '90298738561', '2026-01-07 17:15:00'),
('941941', '7834333', '09533959537', '2025-11-03 09:30:00'),
('941941', '7834333', '16831994567', '2025-10-06 08:45:00'),
('941941', '7834333', '20056426753', '2025-11-14 15:00:00'),
('941941', '7834333', '26026961537', '2025-10-20 15:00:00'),
('941941', '7834333', '35219780319', '2025-12-18 15:45:00'),
('628169', '7911902', '05899854051', '2025-11-12 17:00:00'),
('628169', '7911902', '19393661492', '2026-01-12 13:30:00'),
('628169', '7911902', '23213087385', '2025-10-23 10:30:00'),
('628169', '7911902', '26026961537', '2025-10-21 15:30:00'),
('628169', '7911902', '34312381360', '2025-12-01 13:00:00'),
('628169', '7911902', '80936430448', '2025-11-24 09:30:00'),
('628169', '7911902', '88195992808', '2025-12-01 17:00:00'),
('628169', '7911902', '89629048050', '2025-11-04 17:15:00'),
('648111', '7911902', '11596588025', '2025-10-27 13:15:00'),
('648111', '7911902', '18074689310', '2025-12-01 09:45:00'),
('648111', '7911902', '28130246791', '2025-12-01 17:00:00'),
('648111', '7911902', '51359173728', '2025-12-15 17:45:00'),
('648111', '7911902', '66161483274', '2025-12-03 15:00:00'),
('648111', '7911902', '67497716603', '2025-12-25 13:15:00'),
('648111', '7911902', '67514502927', '2026-01-06 08:00:00'),
('648111', '7911902', '74086549180', '2025-12-10 11:15:00'),
('648111', '7911902', '77522338336', '2026-01-05 16:00:00'),
('648111', '7911902', '84595406724', '2025-11-17 08:45:00'),
('648111', '7911902', '89112157441', '2025-10-04 14:15:00'),
('674002', '7911902', '00957163174', '2025-12-07 14:30:00'),
('674002', '7911902', '03387544947', '2025-12-11 17:30:00'),
('674002', '7911902', '16800209681', '2025-12-18 09:15:00'),
('674002', '7911902', '64303785644', '2026-01-25 09:45:00'),
('674002', '7911902', '67363844802', '2025-12-31 12:45:00'),
('674002', '7911902', '88195992808', '2025-11-03 11:15:00'),
('694494', '7911902', '02703405946', '2025-11-04 12:45:00'),
('694494', '7911902', '36377363923', '2025-12-15 13:45:00'),
('694494', '7911902', '65524518117', '2025-11-25 13:30:00'),
('694494', '7911902', '73248592624', '2026-01-15 17:15:00'),
('694494', '7911902', '78646683438', '2025-10-16 09:00:00'),
('711793', '7911902', '18074689310', '2025-12-18 11:30:00'),
('711793', '7911902', '52630728709', '2025-10-30 12:45:00'),
('711793', '7911902', '65531288128', '2025-11-17 08:30:00'),
('711793', '7911902', '80307502297', '2026-01-16 17:30:00'),
('711793', '7911902', '98604635324', '2025-12-08 12:45:00'),
('941941', '7911902', '29256613788', '2025-11-28 08:30:00'),
('941941', '7911902', '34536393613', '2025-12-29 14:30:00'),
('941941', '7911902', '65531288128', '2025-10-28 09:30:00'),
('628169', '8392903', '14181130893', '2026-01-05 08:00:00'),
('628169', '8392903', '74086549180', '2025-11-10 13:15:00'),
('628169', '8392903', '88195992808', '2025-10-03 09:30:00'),
('628169', '8392903', '89629048050', '2025-10-20 11:30:00'),
('648111', '8392903', '00957163174', '2025-10-24 14:15:00'),
('648111', '8392903', '04223205634', '2025-12-08 12:00:00'),
('648111', '8392903', '35362567649', '2026-01-12 09:00:00'),
('648111', '8392903', '36212056504', '2025-11-26 14:30:00'),
('648111', '8392903', '53032820498', '2026-01-21 12:15:00'),
('648111', '8392903', '67363844802', '2026-01-28 13:30:00'),
('648111', '8392903', '69767129853', '2025-10-29 16:45:00'),
('648111', '8392903', '77522338336', '2025-10-13 17:30:00'),
('648111', '8392903', '96575653703', '2025-12-29 10:15:00'),
('674002', '8392903', '01703334674', '2025-11-25 09:30:00'),
('674002', '8392903', '18074689310', '2025-12-28 14:15:00'),
('674002', '8392903', '35086150206', '2025-10-22 09:00:00'),
('674002', '8392903', '36212056504', '2025-11-14 11:30:00'),
('694494', '8392903', '09533959537', '2025-11-05 16:15:00'),
('694494', '8392903', '35362567649', '2025-10-26 16:45:00'),
('694494', '8392903', '67514502927', '2026-01-16 14:45:00'),
('694494', '8392903', '80936430448', '2025-10-31 12:00:00'),
('711793', '8392903', '00957163174', '2025-12-09 11:30:00'),
('711793', '8392903', '05254277234', '2025-12-26 17:15:00'),
('711793', '8392903', '20056426753', '2025-10-10 13:30:00'),
('711793', '8392903', '22185362309', '2025-11-17 13:15:00'),
('711793', '8392903', '26026961537', '2025-12-12 08:30:00'),
('711793', '8392903', '27378856657', '2025-12-25 11:00:00'),
('711793', '8392903', '27378856657', '2026-01-05 10:15:00'),
('711793', '8392903', '36167349082', '2025-12-15 15:30:00'),
('711793', '8392903', '84595406724', '2025-10-07 17:15:00'),
('711793', '8392903', '88195992808', '2025-10-15 13:45:00'),
('941941', '8392903', '02703405946', '2025-11-13 09:15:00'),
('941941', '8392903', '35219780319', '2025-11-14 08:45:00'),
('941941', '8392903', '66161483274', '2025-10-21 17:00:00'),
('941941', '8392903', '90298738561', '2026-01-09 15:15:00'),
('628169', '8457014', '23129380483', '2026-01-25 14:45:00'),
('648111', '8457014', '16800209681', '2026-01-30 13:00:00'),
('648111', '8457014', '28130246791', '2025-11-26 15:30:00'),
('648111', '8457014', '52630728709', '2025-12-05 17:15:00'),
('648111', '8457014', '65524518117', '2026-01-26 12:30:00'),
('648111', '8457014', '65924021721', '2026-01-05 16:45:00'),
('648111', '8457014', '66161483274', '2026-01-26 16:15:00'),
('648111', '8457014', '87968504119', '2025-11-28 12:45:00'),
('648111', '8457014', '98033407072', '2025-11-10 11:15:00'),
('674002', '8457014', '19393661492', '2025-12-17 17:45:00'),
('674002', '8457014', '29256613788', '2025-10-13 15:30:00'),
('674002', '8457014', '54148276217', '2025-11-03 10:00:00'),
('674002', '8457014', '69767129853', '2025-10-16 10:30:00'),
('694494', '8457014', '05254277234', '2026-01-19 08:15:00'),
('694494', '8457014', '08048357922', '2025-12-26 10:15:00'),
('694494', '8457014', '13519350053', '2026-01-19 14:15:00'),
('694494', '8457014', '19393661492', '2025-10-17 13:15:00'),
('694494', '8457014', '36377363923', '2025-10-29 08:00:00'),
('694494', '8457014', '78646683438', '2025-10-13 13:30:00'),
('711793', '8457014', '09533959537', '2025-10-29 08:00:00'),
('711793', '8457014', '34312381360', '2026-01-05 12:15:00'),
('711793', '8457014', '46837029187', '2025-12-19 14:30:00'),
('711793', '8457014', '55102238019', '2026-01-19 14:30:00'),
('711793', '8457014', '62631200749', '2025-12-07 13:45:00'),
('711793', '8457014', '67514502927', '2026-01-08 16:00:00'),
('941941', '8457014', '01703334674', '2025-10-28 11:15:00'),
('941941', '8457014', '16831994567', '2025-11-04 12:15:00'),
('941941', '8457014', '19393661492', '2025-11-03 12:00:00'),
('941941', '8457014', '29256613788', '2025-12-31 13:45:00'),
('941941', '8457014', '34312381360', '2026-01-30 14:00:00'),
('628169', '8479583', '07957964463', '2025-10-09 17:00:00'),
('628169', '8479583', '07957964463', '2026-01-12 10:15:00'),
('628169', '8479583', '08048357922', '2025-12-15 14:45:00'),
('628169', '8479583', '20383397597', '2025-12-04 11:00:00'),
('628169', '8479583', '95647522996', '2026-01-12 08:15:00'),
('648111', '8479583', '00957163174', '2025-12-02 15:00:00'),
('648111', '8479583', '18743147347', '2026-01-30 14:15:00'),
('648111', '8479583', '22185362309', '2025-12-11 17:15:00'),
('648111', '8479583', '65531288128', '2025-10-20 17:00:00'),
('648111', '8479583', '66161483274', '2026-01-06 13:00:00'),
('674002', '8479583', '16800209681', '2025-11-12 15:00:00'),
('674002', '8479583', '26077833708', '2025-10-27 16:15:00'),
('674002', '8479583', '34536393613', '2025-11-21 12:00:00'),
('674002', '8479583', '46837029187', '2025-10-31 16:00:00'),
('674002', '8479583', '59451955460', '2026-01-28 14:15:00'),
('674002', '8479583', '65305041128', '2026-01-21 14:30:00'),
('674002', '8479583', '69767129853', '2025-10-14 09:15:00'),
('674002', '8479583', '89629048050', '2025-11-05 13:30:00'),
('694494', '8479583', '05899854051', '2025-10-13 15:30:00'),
('694494', '8479583', '60222569349', '2026-01-19 12:00:00'),
('711793', '8479583', '27378856657', '2026-01-23 16:30:00'),
('711793', '8479583', '30685971258', '2025-10-18 08:00:00'),
('711793', '8479583', '61861198480', '2026-01-11 09:45:00'),
('711793', '8479583', '73248592624', '2026-01-07 08:45:00'),
('711793', '8479583', '76802879662', '2025-11-10 17:15:00'),
('711793', '8479583', '87678744573', '2025-11-24 08:45:00'),
('711793', '8479583', '87968504119', '2026-01-19 14:30:00'),
('941941', '8479583', '24153421698', '2025-12-30 10:30:00'),
('941941', '8479583', '72435056551', '2025-10-03 11:30:00'),
('941941', '8479583', '88195992808', '2026-01-14 13:00:00'),
('941941', '8479583', '89112157441', '2025-10-13 10:45:00'),
('941941', '8479583', '98033407072', '2025-12-31 10:15:00'),
('628169', '8481292', '56167863930', '2026-01-16 08:45:00'),
('628169', '8481292', '76802879662', '2025-10-12 13:30:00'),
('628169', '8481292', '76802879662', '2025-12-22 10:45:00'),
('628169', '8481292', '93660946847', '2025-12-25 15:15:00'),
('648111', '8481292', '05899854051', '2025-11-24 10:00:00'),
('648111', '8481292', '09042552631', '2025-11-06 09:30:00'),
('648111', '8481292', '11596588025', '2025-12-31 11:15:00'),
('648111', '8481292', '18074689310', '2025-12-17 11:45:00'),
('648111', '8481292', '20925270328', '2025-12-18 08:45:00'),
('648111', '8481292', '24925729811', '2025-11-24 08:30:00'),
('674002', '8481292', '35362567649', '2026-01-12 10:00:00'),
('674002', '8481292', '46837029187', '2025-11-25 14:45:00'),
('674002', '8481292', '55102238019', '2026-01-12 09:30:00'),
('674002', '8481292', '68172823346', '2025-11-03 10:30:00'),
('694494', '8481292', '16800209681', '2025-11-07 13:45:00'),
('694494', '8481292', '26591263582', '2025-12-11 17:45:00'),
('694494', '8481292', '65524518117', '2025-12-13 09:30:00'),
('694494', '8481292', '67363844802', '2026-01-30 15:00:00'),
('694494', '8481292', '77522338336', '2025-11-08 08:00:00'),
('694494', '8481292', '77522338336', '2025-12-31 10:15:00'),
('711793', '8481292', '09042552631', '2025-12-27 11:45:00'),
('711793', '8481292', '14181130893', '2025-12-08 09:45:00'),
('711793', '8481292', '62631200749', '2025-12-02 17:30:00'),
('711793', '8481292', '65924021721', '2025-11-26 17:45:00'),
('711793', '8481292', '74116004134', '2025-10-23 16:00:00'),
('711793', '8481292', '78646683438', '2025-11-01 15:00:00'),
('941941', '8481292', '03019228404', '2025-12-13 13:30:00'),
('941941', '8481292', '62631200749', '2025-12-23 16:15:00'),
('941941', '8481292', '64303785644', '2026-01-05 17:15:00'),
('941941', '8481292', '73248592624', '2025-10-13 14:45:00'),
('941941', '8481292', '87968504119', '2026-01-26 13:45:00'),
('941941', '8481292', '95647522996', '2025-12-15 10:00:00'),
('628169', '9002877', '02703405946', '2025-10-20 10:30:00'),
('628169', '9002877', '18934612571', '2025-10-09 09:30:00'),
('628169', '9002877', '23274047865', '2025-11-10 09:00:00'),
('628169', '9002877', '28130246791', '2025-10-21 16:00:00'),
('628169', '9002877', '64303785644', '2025-12-18 16:00:00'),
('628169', '9002877', '72435056551', '2025-10-17 11:15:00'),
('628169', '9002877', '87968504119', '2025-11-10 13:15:00'),
('628169', '9002877', '95647522996', '2025-10-08 12:30:00'),
('648111', '9002877', '20383397597', '2025-12-01 13:45:00'),
('648111', '9002877', '34536393613', '2025-12-02 15:00:00'),
('648111', '9002877', '65206213049', '2026-01-24 09:30:00'),
('648111', '9002877', '65531288128', '2025-12-09 12:45:00'),
('648111', '9002877', '77522338336', '2025-12-22 16:30:00'),
('648111', '9002877', '84595406724', '2025-10-20 17:15:00'),
('648111', '9002877', '95647522996', '2026-01-21 11:45:00'),
('674002', '9002877', '10221753593', '2025-11-25 11:00:00'),
('674002', '9002877', '20925270328', '2025-11-16 11:00:00'),
('674002', '9002877', '22185362309', '2025-12-11 10:45:00'),
('694494', '9002877', '01703334674', '2025-11-10 14:00:00'),
('694494', '9002877', '18074689310', '2026-01-29 10:15:00'),
('694494', '9002877', '22185362309', '2026-01-05 14:30:00'),
('694494', '9002877', '52630728709', '2025-12-16 09:15:00'),
('694494', '9002877', '60222569349', '2025-12-26 08:00:00'),
('694494', '9002877', '74116004134', '2025-12-30 16:30:00'),
('711793', '9002877', '69767129853', '2025-12-08 13:30:00'),
('711793', '9002877', '76802879662', '2025-10-24 15:45:00'),
('711793', '9002877', '80936430448', '2026-01-13 13:45:00'),
('711793', '9002877', '98604635324', '2025-12-16 17:00:00'),
('941941', '9002877', '16831994567', '2026-01-28 17:00:00'),
('941941', '9002877', '44262874404', '2025-12-02 16:30:00'),
('941941', '9002877', '54148276217', '2025-11-04 16:15:00'),
('941941', '9002877', '65597507059', '2026-01-05 12:45:00'),
('941941', '9002877', '70633393376', '2025-11-05 09:00:00'),
('941941', '9002877', '78574200867', '2025-10-14 14:00:00'),
('941941', '9002877', '80936430448', '2025-12-04 17:45:00'),
('941941', '9002877', '94956608632', '2025-10-02 15:45:00'),
('941941', '9002877', '96575653703', '2026-01-09 17:15:00'),
('628169', '9296527', '13519350053', '2026-01-29 12:30:00'),
('628169', '9296527', '20925270328', '2025-12-02 15:15:00'),
('628169', '9296527', '28130246791', '2025-11-29 12:45:00'),
('628169', '9296527', '98434563947', '2025-10-13 16:30:00'),
('648111', '9296527', '01703334674', '2026-01-19 10:15:00'),
('648111', '9296527', '03019228404', '2026-01-06 17:00:00'),
('648111', '9296527', '13519350053', '2025-12-25 15:30:00'),c
('648111', '9296527', '26026961537', '2025-11-27 09:00:00'),
('648111', '9296527', '51331724901', '2025-11-03 08:00:00'),
('648111', '9296527', '65597507059', '2026-01-05 16:15:00'),
('674002', '9296527', '03387544947', '2025-12-23 17:30:00'),
('674002', '9296527', '13519350053', '2026-01-21 11:45:00'),
('674002', '9296527', '29256613788', '2026-01-16 11:00:00'),
('674002', '9296527', '57728954786', '2026-01-05 08:00:00'),
('694494', '9296527', '16831994567', '2025-11-05 12:00:00'),
('694494', '9296527', '46837029187', '2025-11-14 08:00:00'),
('711793', '9296527', '04223205634', '2025-11-28 10:45:00'),
('711793', '9296527', '24925729811', '2025-12-21 12:15:00'),
('711793', '9296527', '36377363923', '2025-10-15 10:30:00'),
('711793', '9296527', '44262874404', '2025-11-10 10:45:00'),
('711793', '9296527', '51359173728', '2025-11-21 13:00:00'),
('711793', '9296527', '52630728709', '2025-10-02 12:45:00'),
('711793', '9296527', '53636438502', '2025-10-28 14:00:00'),
('711793', '9296527', '56167863930', '2025-10-28 12:15:00'),
('711793', '9296527', '70633393376', '2026-01-26 10:15:00'),
('711793', '9296527', '73248592624', '2025-11-05 17:45:00'),
('711793', '9296527', '90298738561', '2025-12-26 15:30:00'),
('711793', '9296527', '94956608632', '2025-11-20 08:15:00'),
('941941', '9296527', '16800209681', '2025-12-05 09:30:00'),
('941941', '9296527', '59451955460', '2026-01-02 15:45:00'),
('941941', '9296527', '65597507059', '2026-01-22 13:15:00'),
('941941', '9296527', '68172823346', '2025-12-04 15:15:00'),
('941941', '9296527', '73248592624', '2025-12-25 09:15:00'),
('628169', '9542355', '20925270328', '2026-01-08 14:45:00'),
('628169', '9542355', '26591263582', '2026-01-07 10:15:00'),
('628169', '9542355', '34312381360', '2025-12-25 08:15:00'),
('628169', '9542355', '51359173728', '2025-12-10 09:00:00'),
('628169', '9542355', '78574200867', '2026-01-22 12:15:00'),
('628169', '9542355', '90298738561', '2025-12-29 10:30:00'),
('648111', '9542355', '35051208835', '2025-11-10 11:15:00'),
('648111', '9542355', '46837029187', '2025-10-16 15:30:00'),
('648111', '9542355', '80936430448', '2025-10-06 13:30:00'),
('648111', '9542355', '87968504119', '2025-12-15 15:30:00'),
('648111', '9542355', '98033407072', '2025-11-03 16:30:00'),
('674002', '9542355', '10221753593', '2026-01-15 09:00:00'),
('674002', '9542355', '20056426753', '2025-12-09 09:00:00'),
('674002', '9542355', '20056426753', '2025-12-14 10:45:00'),
('674002', '9542355', '60222569349', '2025-10-09 09:00:00'),
('674002', '9542355', '62349607795', '2026-01-06 11:45:00'),
('674002', '9542355', '78646683438', '2025-11-22 13:15:00'),
('674002', '9542355', '98434563947', '2026-01-18 13:15:00'),
('694494', '9542355', '16831994567', '2025-10-22 13:00:00'),
('694494', '9542355', '18074689310', '2025-11-03 11:15:00'),
('694494', '9542355', '35086150206', '2025-10-27 11:30:00'),
('694494', '9542355', '36167349082', '2025-10-16 08:30:00'),
('694494', '9542355', '55102238019', '2025-12-12 10:15:00'),
('694494', '9542355', '65597507059', '2026-01-27 15:15:00'),
('694494', '9542355', '77522338336', '2025-12-08 16:30:00'),
('694494', '9542355', '94956608632', '2026-01-05 12:00:00'),
('694494', '9542355', '96575653703', '2026-01-02 14:00:00'),
('711793', '9542355', '03019228404', '2026-01-07 12:00:00'),
('711793', '9542355', '11596588025', '2026-01-26 09:00:00'),
('711793', '9542355', '20925270328', '2025-12-09 17:45:00'),
('711793', '9542355', '36212056504', '2025-12-03 17:30:00'),
('711793', '9542355', '53636438502', '2025-11-03 16:15:00'),
('711793', '9542355', '59451955460', '2025-10-23 15:45:00'),
('711793', '9542355', '61861198480', '2025-10-13 08:30:00'),
('711793', '9542355', '67497716603', '2026-01-17 12:15:00'),
('711793', '9542355', '80936430448', '2025-10-24 11:30:00'),
('711793', '9542355', '84595406724', '2026-01-28 15:30:00'),
('941941', '9542355', '20056426753', '2026-01-16 08:45:00'),
('628169', '9896057', '03019228404', '2025-11-18 11:15:00'),
('628169', '9896057', '08070927290', '2025-12-26 12:30:00'),
('628169', '9896057', '20925270328', '2025-10-19 13:00:00'),
('628169', '9896057', '53636438502', '2026-01-14 15:30:00'),
('628169', '9896057', '65524518117', '2025-11-12 12:30:00'),
('628169', '9896057', '67497716603', '2025-10-08 14:45:00'),
('648111', '9896057', '03387544947', '2025-10-03 13:00:00'),
('648111', '9896057', '05254277234', '2026-01-03 09:45:00'),
('648111', '9896057', '26077833708', '2025-11-16 17:30:00'),
('648111', '9896057', '56167863930', '2025-10-28 17:15:00'),
('648111', '9896057', '65531288128', '2026-01-26 11:00:00'),
('648111', '9896057', '77522338336', '2025-12-26 09:00:00'),
('648111', '9896057', '78646683438', '2025-11-04 12:15:00'),
('648111', '9896057', '98434563947', '2025-12-06 14:15:00'),
('674002', '9896057', '51331724901', '2026-01-06 10:30:00'),
('674002', '9896057', '53636438502', '2026-01-05 15:00:00'),
('674002', '9896057', '65524518117', '2025-10-08 09:30:00'),
('674002', '9896057', '69767129853', '2025-11-13 16:45:00'),
('694494', '9896057', '59451955460', '2025-12-31 14:00:00'),
('694494', '9896057', '62631200749', '2025-11-13 09:15:00'),
('694494', '9896057', '69767129853', '2025-12-12 16:45:00'),
('711793', '9896057', '11596588025', '2025-12-11 16:15:00'),
('711793', '9896057', '23274047865', '2025-10-23 10:00:00'),
('711793', '9896057', '48071562494', '2025-12-15 09:00:00'),
('711793', '9896057', '62631200749', '2026-01-19 15:15:00'),
('711793', '9896057', '68172823346', '2025-12-08 16:15:00'),
('711793', '9896057', '74116004134', '2025-10-29 15:45:00'),
('941941', '9896057', '07957964463', '2025-11-08 10:15:00'),
('941941', '9896057', '18074689310', '2025-12-31 13:15:00'),
('941941', '9896057', '65305041128', '2025-11-05 09:15:00'),
('941941', '9896057', '65305041128', '2025-11-22 10:00:00');

SET FOREIGN_KEY_CHECKS = 1;

-- ============================================================
-- Dump concluído com sucesso!
-- ============================================================
